flight_id,doft,dept,dest,tofb,tonb,pic,acft,tblk,tSPSE,tSPME,tMP,tNIGHT,tIFR,tPIC,tPICUS,tSIC,tDUAL,tFI,tSIM,pilotFlying,toDay,toNight,ldgDay,ldgNight,autoland,secondPilot,thirdPilot,approachType,flightNumber,remarks
2,2020-12-03,KVOK,LTAO,947,1112,1,302,165,165,,,165,,,,,165,,,1,1,,1,,,1224,2481,VISUAL,FR-2263,
3,2020-11-21,NTKO,VVBM,239,835,1,297,596,,,596,344,596,596,,,,,,,,,,,,549,512,ILS CAT I,FR-2263,
5,2020-11-09,KSDM,URWI,238,416,1,102,178,,,178,178,178,,,178,,,,,,,,,,1055,536,LOC,FR-2263,
6,2020-10-16,PHBK,KFLV,127,496,1,479,369,,,369,351,369,,,369,,,,1,1,,,,1,1806,1791,VISUAL,LH-3603,
8,2020-10-11,FZBT,HCMV,85,466,1,184,381,,,381,342,381,,,381,,,,1,,1,,,,2719,983,RNAV (RNP),AF-3266,
9,2020-09-23,LIPE,CYZX,947,68,1,18,561,,,561,353,561,561,,,,,,1,,1,,,,2300,673,ILS CAT III,LH-3603,Discretion used
10,2020-09-21,CYHN,OIFP,173,567,3,263,394,,,394,349,394,,,394,,,,1,1,,1,,,1676,830,LOC/DME,LH-3603,
11,2020-09-17,CYYY,BGSF,31,558,9,435,527,,,527,356,527,,527,,,,,1,1,,1,,,1218,1847,ILS CAT III,D8-2523,
12,2020-09-10,LELO,OIKP,1311,508,14,15,637,,637,,353,,637,,,,,,,,,,,,1740,3,RNAV (RNP AR),LX-2493,Discretion used
13,2020-09-09,PHHI,VTBW,1427,447,19,205,460,,,460,352,460,,460,,,,,1,1,,,1,,415,440,ILS CAT III,AF-3266,
14,2020-09-08,YKOW,KTOI,953,228,20,101,715,,,715,354,715,715,,,,,,,,,,,,1068,692,NDB,LH-3603,
15,2020-08-27,RJOW,SBST,924,1430,27,490,506,,,506,359,506,,506,,,,,1,1,,,,1,2702,2701,RNAV (RNP AR),D8-2523,
16,2020-08-27,EDUZ,GAGO,122,889,34,490,767,,,767,359,767,767,,,,,,,,,,,,2477,1334,ILS CAT III,LX-2493,
17,2020-08-22,KRNM,RPLL,641,866,34,484,225,,,225,225,225,,,225,,,,1,,1,,,,129,327,ILS CAT III,D8-2523,
18,2020-08-13,KPEQ,UWOR,408,780,35,34,372,,,372,358,372,,,372,,,,1,,1,,,,215,1411,VISUAL,D8-2523,
19,2020-08-07,YDLQ,EBKT,206,598,36,169,392,,,392,362,392,,,392,,,,1,1,,1,,,421,2406,NDB,LX-2493,
20,2020-08-06,EKOD,KHST,638,819,37,475,181,,,181,181,181,,,181,,,,1,1,,1,,,611,1066,ILS CAT I,LH-3603,
21,2020-07-24,UAON,LFGW,63,270,43,488,207,,,207,207,207,,,207,,,,,,,,,,1653,905,NDB,AF-3266,
22,2020-07-19,SBFZ,SKCU,213,668,44,463,455,,,455,369,455,,455,,,,,1,1,,,1,,337,36,RNAV (RNP AR),FR-2263,
23,2020-07-18,KCVH,HAHM,1223,1340,45,331,117,,,117,117,117,,,117,,,,,,,,,,1362,2906,ILS CAT III,DY-235,
24,2020-07-15,UOOW,CYFB,3,49,46,59,46,,,46,46,46,,,46,,,,1,1,,,,1,905,1300,LOC,LH-3603,
25,2020-07-15,PAWD,VLPS,688,1023,47,333,335,,,335,335,335,,,335,,,,,,,,,,913,727,RNAV (RNP),AF-3266,
26,2020-07-11,HAMT,FNME,509,876,47,285,367,,,367,363,367,,,367,,,,1,,1,,,,1150,428,ILS CAT III,LH-3603,
27,2020-07-06,EGHA,LTAC,909,972,55,398,63,,,63,63,63,,,63,,,,1,,1,,,,1875,2668,VISUAL,D8-2523,
28,2020-07-06,CYOP,VLFL,395,581,56,28,186,,,186,186,186,,,186,,,,1,1,,1,,,196,2690,ILS CAT III,LX-2493,ETOPS familiarization
29,2020-07-06,KSMX,OEMA,1026,166,64,202,580,,,580,363,580,580,,,,,,1,1,,1,,,2756,894,RNAV (RNP),D8-2523,
30,2020-07-02,KEDW,LFGC,1105,1316,67,436,211,,,211,211,211,,,211,,,,,,,,,,1306,831,ILS CAT I,DY-235,
31,2020-07-01,KIAH,SAZY,1343,380,79,357,477,,,477,368,477,,477,,,,,1,1,,,1,,1892,1110,RNAV (RNP),FR-2263,
32,2020-07-01,PAQH,WMPA,438,562,84,367,124,,,124,124,124,,,124,,,,,,,,,,763,1875,VISUAL,AF-3266,
33,2020-06-19,MRSI,EDKA,845,914,91,226,69,,,69,69,69,,,69,,,,1,1,,,,1,2372,1769,RNAV (RNP),LH-3603,
34,2020-06-13,LKPD,FZMA,478,1114,94,288,636,,,636,356,636,636,,,,,,,,,,,,2996,987,RNAV (RNP),DY-235,
35,2020-06-05,KMRF,EPKK,642,722,97,44,80,,,80,80,80,,,80,,,,1,,1,,,,473,2833,LOC/DME,LH-3603,
36,2020-06-03,RCPO,KCOU,808,4,106,166,636,,,636,355,636,636,,,,,,1,,1,,,,2409,904,RNAV (RNP),LH-3603,
37,2020-06-03,NTTE,HUGU,1393,449,108,400,496,,,496,357,496,,496,,,,,1,1,,1,,,240,2372,VISUAL,AF-3266,
38,2020-05-27,WAOM,SBPV,1330,1426,110,428,96,,,96,96,96,,,96,,,,1,1,,1,,,1196,1064,VISUAL,LX-2493,
39,2020-05-24,RPVC,KCGZ,461,1143,111,378,682,,,682,354,682,682,,,,,,,,,,,,307,1,RNAV (RNP AR),AF-3266,
40,2020-05-21,RPUM,KFHU,254,491,114,321,237,,,237,237,237,,,237,,,,1,1,,,1,,2083,878,VISUAL,LX-2493,
41,2020-05-21,KFNL,EPMO,1401,572,116,82,611,,,611,356,611,611,,,,,,,,,,,,1530,1578,ILS CAT III,LX-2493,
42,2020-05-13,KCKB,UTSA,1241,1303,119,122,62,,,62,62,62,,,62,,,,1,1,,,,1,831,1248,ILS CAT III,DY-235,
43,2020-05-11,KIAD,DAAK,474,1209,120,72,735,,,735,356,735,735,,,,,,,,,,,,2542,2751,ILS CAT III,LH-3603,
44,2020-05-04,LFCR,ZLIC,494,1157,129,290,663,,,663,350,663,663,,,,,,1,,1,,,,2642,473,ILS CAT III,D8-2523,
45,2020-04-28,WMAP,CYDF,241,349,130,296,108,,,108,108,108,,,108,,,,1,,1,,,,84,3000,ILS CAT I,LX-2493,
46,2020-04-25,NCPY,HSOB,492,1076,131,56,584,,,584,359,584,584,,,,,,1,1,,1,,,1962,2767,RNAV (RNP AR),FR-2263,
47,2020-04-20,NTMD,HUKO,929,48,132,77,559,,,559,359,559,,559,,,,,1,1,,1,,,1867,2582,ILS CAT III,FR-2263,
48,2020-04-15,VAAH,SNKF,430,826,137,254,396,,,396,361,396,,,396,,,,,,,,,,1557,116,ILS CAT I,FR-2263,
49,2020-04-14,VNJP,EGQL,1231,369,162,39,578,,,578,356,578,578,,,,,,1,1,,,1,,2543,994,RNAV (RNP),AF-3266,
50,2020-04-13,CYOC,HEAR,1287,572,172,83,725,,,725,362,725,725,,,,,,,,,,,,2474,1811,ILS CAT I,AF-3266,
51,2020-04-12,PABT,EFHM,1110,157,182,159,487,,,487,360,487,,487,,,,,1,1,,,,1,186,1746,ILS CAT I,FR-2263,
52,2020-04-10,NZOH,SBCA,979,1405,182,293,426,,,426,361,426,,426,,,,,,,,,,,1620,1528,RNAV (RNP),D8-2523,
53,2020-04-09,EERU,CYHY,788,1290,183,184,502,,,502,364,502,,502,,,,,1,,1,,,,953,2430,VISUAL,FR-2263,
54,2020-03-24,PAVA,MYEM,1326,27,183,351,141,,,141,141,141,,,141,,,,1,,1,,,,692,614,ILS CAT III,AF-3266,
56,2020-03-17,KNSE,BGSG,327,532,185,321,205,,,205,205,205,,,205,,,,1,1,,1,,,568,1145,VOR/DME,DY-235,
57,2020-03-16,PASA,WIMK,1367,1391,186,26,24,,,24,24,24,,,24,,,,1,1,,1,,,1847,1196,VISUAL,DY-235,Discretion used
58,2020-03-08,EDBR,LKBU,713,758,186,316,45,,,45,45,45,,,45,,,,,,,,,,2406,741,VOR/DME,LX-2493,
59,2020-03-07,EYKS,LFRQ,1324,425,187,105,541,,,541,369,541,,541,,,,,1,1,,,1,,1122,1401,RNAV (RNP),FR-2263,
60,2020-03-01,OPKD,SLPA,1323,521,188,293,638,,,638,371,638,638,,,,,,,,,,,,192,2440,VOR/DME,LX-2493,
61,2020-03-01,SWST,EEPU,802,881,192,160,79,,,79,79,79,,,79,,,,1,1,,,,1,2751,245,LOC,D8-2523,
62,2020-03-01,KTTD,WAOO,1152,342,192,482,630,,,630,369,630,630,,,,,,,,,,,,1706,965,VISUAL,LH-3603,
63,2020-02-17,MPTO,TDCF,1040,171,193,430,571,,,571,377,571,571,,,,,,1,,1,,,,789,1634,VISUAL,AF-3266,
64,2020-02-17,KTCY,ZBNY,1183,1201,196,349,18,,,18,18,18,,,18,,,,1,,1,,,,266,1457,ILS CAT III,FR-2263,
65,2020-02-15,KMDT,LFOA,1185,1293,204,404,108,,,108,108,108,,,108,,,,1,1,,1,,,1486,605,ILS CAT I,DY-235,
66,2020-02-15,KASW,LLER,760,1084,206,45,324,,,324,324,324,,,324,,,,1,1,,1,,,879,119,ILS CAT III,FR-2263,
67,2020-02-09,LPBR,LERL,927,977,214,209,50,,,50,50,50,,,50,,,,,,,,,,1300,1364,ILS CAT I,D8-2523,
68,2020-01-19,ZYMH,ZLAN,600,1036,215,20,436,,,436,362,436,,436,,,,,1,1,,,1,,2061,84,LOC,AF-3266,Discretion used
69,2020-01-12,CEG4,HCMR,323,419,224,62,96,,,96,96,96,,,96,,,,,,,,,,741,1486,VISUAL,AF-3266,
70,2020-01-05,KIMT,UWOR,917,1369,224,328,452,,,452,362,452,,452,,,,,1,1,,,,1,2421,556,VISUAL,LH-3603,
71,2020-01-04,EDWB,KPDT,1059,112,224,274,493,,,493,370,493,,493,,,,,,,,,,,1,713,ILS CAT III,FR-2263,
72,2020-01-02,RPVJ,KAGS,487,978,229,73,491,,,491,364,491,,491,,,,,1,,1,,,,735,1217,ILS CAT III,FR-2263,
73,2020-01-02,RORS,CYOS,631,703,235,466,72,,,72,72,72,,,72,,,,1,,1,,,,1,2341,RNAV (RNP),DY-235,
74,2019-11-25,HAGN,UKLI,33,232,237,335,199,,,199,199,199,,,199,,,,1,1,,1,,,1381,1710,RNAV (RNP),LX-2493,
75,2019-11-21,ZBCF,PAGT,543,737,237,131,194,,,194,194,194,,,194,,,,1,1,,1,,,1096,1362,VISUAL,FR-2263,
76,2019-11-21,MMZP,YMNA,308,845,240,490,537,,,537,340,537,,537,,,,,,,,,,,2933,1470,VISUAL,DY-235,
77,2019-11-16,KEDC,EPMO,101,194,244,171,93,,,93,93,93,,,93,,,,1,1,,,1,,1528,34,ILS CAT III,FR-2263,
78,2019-11-02,KMNZ,VIBK,155,309,245,320,154,,,154,154,154,,,154,,,,,,,,,,1009,2237,VISUAL,AF-3266,
79,2019-10-25,PAEG,UKFG,1390,507,249,235,557,,,557,345,557,,557,,,,,1,1,,,,1,19,2430,ILS CAT III,DY-235,
80,2019-10-23,FAGR,LFKT,1425,577,250,470,592,,,592,342,592,592,,,,,,,,,,,,2873,1263,LOC,LX-2493,
81,2019-10-19,RPVI,MGQC,435,926,261,206,491,,,491,345,491,,491,,,,,1,,1,,,,1198,763,ILS CAT III,DY-235,
82,2019-10-12,MGQC,LBPD,919,1224,265,457,305,,,305,305,305,,,305,,,,1,,1,,,,2428,2715,NDB,LH-3603,
83,2019-10-10,KCXO,VIPT,473,778,266,135,305,,,305,305,305,,,305,,,,1,1,,1,,,2707,2337,LOC,AF-3266,
84,2019-10-04,KGBD,WAJB,979,1304,266,343,325,,,325,325,325,,,325,,,,1,1,,1,,,1962,1625,ILS CAT III,LX-2493,
85,2019-10-03,LVGZ,LFLV,762,1215,275,310,453,,,453,347,453,,453,,,,,,,,,,,2843,1382,RNAV (RNP),LX-2493,
86,2019-10-03,PACY,UIKK,558,586,275,391,28,,,28,28,28,,,28,,,,1,1,,,1,,2701,460,RNAV (RNP),AF-3266,
87,2019-09-27,CYBG,LOWL,201,294,275,476,93,,,93,93,93,,,93,,,,,,,,,,2430,2982,ILS CAT III,FR-2263,
88,2019-09-24,HSGN,EDTM,1268,263,278,205,435,,,435,349,435,,435,,,,,1,1,,,,1,1280,187,NDB,FR-2263,
89,2019-09-15,ZLXH,FAPN,609,875,285,47,266,,,266,266,266,,,266,,,,,,,,,,294,1730,ILS CAT III,LX-2493,
90,2019-09-14,KFPR,KGPZ,1122,1365,288,239,243,,,243,243,243,,,243,,,,1,,1,,,,1544,947,RNAV (RNP),D8-2523,
91,2019-09-14,CYBB,MPCE,725,1179,291,153,454,,,454,360,454,,454,,,,,1,,1,,,,1463,1211,RNAV (RNP),AF-3266,
92,2019-09-14,KINT,ORQW,961,1322,294,99,361,,,361,351,361,,,361,,,,1,1,,1,,,1089,1811,ILS CAT III,D8-2523,
93,2019-09-06,SANT,VNLD,903,965,294,212,62,,,62,62,62,,,62,,,,1,1,,1,,,1110,692,ILS CAT III,DY-235,
94,2019-08-28,SBUR,EDXF,1040,1366,295,394,326,,,326,326,326,,,326,,,,,,,,,,1965,2100,VISUAL,FR-2263,
95,2019-08-24,DXXX,KDAA,474,492,301,278,18,,,18,18,18,,,18,,,,1,1,,,1,,983,2526,ILS CAT III,DY-235,
96,2019-08-24,KFTG,LGAX,571,1079,301,65,508,,,508,361,508,,508,,,,,,,,,,,266,1606,VOR/DME,DY-235,
97,2019-08-24,PAFM,XLLL,787,1213,307,417,426,,,426,360,426,,426,,,,,1,1,,,,1,56,1643,RNAV (RNP AR),LH-3603,
98,2019-08-24,CYBV,VIHR,1239,264,309,80,465,,,465,358,465,,465,,,,,,,,,,,47,1881,ILS CAT III,D8-2523,
99,2019-08-13,LIBC,LKRO,167,177,310,26,10,,,10,10,10,,,10,,,,1,,1,,,,536,1009,ILS CAT III,LH-3603,ETOPS familiarization
100,2019-08-01,LFPV,LQBK,1383,439,314,271,496,,,496,362,496,,496,,,,,1,,1,,,,1391,990,VISUAL,D8-2523,
101,2019-07-21,CYLT,KMVY,922,71,319,280,589,,,589,368,589,589,,,,,,1,1,,1,,,309,2231,NDB,FR-2263,
102,2019-07-04,KGTF,UWKG,1047,1150,326,194,103,,,103,103,103,,,103,,,,1,1,,1,,,245,1669,RNAV (RNP),FR-2263,
103,2019-07-02,EGAA,LFRC,1167,243,327,393,516,,,516,361,516,,516,,,,,,,,,,,2042,1224,ILS CAT III,DY-235,
104,2019-06-28,LSML,PAII,327,202,328,142,1315,,,1315,580,1315,1315,,,,,,1,1,,,1,,2317,2383,ILS CAT III,FR-2263,
105,2019-06-28,LEVD,EKNB,225,852,330,321,627,,,627,359,627,627,,,,,,,,,,,,860,1122,VISUAL,LH-3603,
106,2019-06-23,LFGO,EIDW,1399,633,334,487,674,,,674,359,674,674,,,,,,1,1,,,,1,1923,46,RNAV (RNP),D8-2523,
107,2019-06-23,MMVR,ZGKL,977,1070,337,495,93,,,93,93,93,,,93,,,,,,,,,,614,420,VISUAL,DY-235,
108,2019-06-16,NWWD,KCXO,898,67,340,323,609,,,609,357,609,609,,,,,,1,,1,,,,1551,734,ILS CAT III,LX-2493,
109,2019-06-16,PAAL,HTKA,408,499,346,413,91,,,91,91,91,,,91,,,,1,,1,,,,994,1345,ILS CAT III,DY-235,
110,2019-06-07,ETNN,DNMK,110,1295,355,208,1185,,,1185,458,1185,1185,,,,,,1,1,,1,,,1925,1055,RNAV (RNP),AF-3266,
111,2019-06-06,CYHC,PAPC,785,539,357,273,1194,,,1194,463,1194,1194,,,,,,1,1,,1,,,1647,1142,NDB,LH-3603,
112,2019-06-06,OEPF,DTTF,726,327,357,55,1041,,,1041,353,1041,1041,,,,,,,,,,,,1212,611,RNAV (RNP AR),LX-2493,
113,2019-06-05,KNQI,CZKE,94,153,360,61,59,,,59,59,59,,,59,,,,1,1,,,1,,2668,621,ILS CAT III,DY-235,
114,2019-06-05,KLWT,UATE,929,1086,362,302,157,157,,,157,,,,,157,,,,,,,,,990,2648,VISUAL,D8-2523,
115,2019-06-04,MMTG,ZWKN,749,1343,363,435,594,,,594,354,594,594,,,,,,1,1,,,,1,2790,2665,LOC/DME,LX-2493,
116,2019-05-27,VI22,NCAI,1396,730,366,324,774,,,774,363,774,774,,,,,,,,,,,,224,1985,ILS CAT III,D8-2523,
117,2019-05-25,VOBG,LIPL,1169,1149,369,463,1420,,,1420,691,1420,1420,,,,,,1,,1,,,,35,196,ILS CAT III,D8-2523,
118,2019-05-24,PFWS,SMBN,1402,459,370,275,497,,,497,360,497,,497,,,,,1,,1,,,,625,1986,VISUAL,D8-2523,
119,2019-05-24,HEGR,LFSR,670,484,372,374,1254,,,1254,525,1254,1254,,,,,,1,1,,1,,,1995,778,ILS CAT I,LX-2493,
120,2019-05-23,YCDR,KAVQ,498,82,381,158,1024,,,1024,350,1024,1024,,,,,,1,1,,1,,,326,1261,ILS CAT III,AF-3266,
121,2019-05-23,LRBS,DAOY,910,856,388,392,1386,,,1386,658,1386,1386,,,,,,,,,,,,2967,2123,VISUAL,AF-3266,
122,2019-05-23,FALI,FARS,569,112,391,120,983,,,983,354,983,983,,,,,,1,1,,,1,,1009,1028,ILS CAT III,D8-2523,
123,2019-05-17,KCRQ,RCSQ,1279,945,397,354,1106,,,1106,390,1106,1106,,,,,,,,,,,,2149,1096,RNAV (RNP),LH-3603,
124,2019-05-16,EDLO,FCOO,264,319,399,226,55,,,55,55,55,,,55,,,,1,1,,,,1,727,1931,ILS CAT III,AF-3266,
125,2019-05-12,EDKA,LGZA,874,1197,399,193,323,,,323,323,323,,,323,,,,,,,,,,1106,2961,ILS CAT III,LH-3603,
126,2019-05-11,ROKJ,CYOH,760,71,402,461,751,,,751,352,751,751,,,,,,1,,1,,,,1138,2392,RNAV (RNP),LH-3603,
127,2019-05-11,SVVG,LETO,162,797,406,66,635,,,635,356,635,635,,,,,,1,,1,,,,1399,1381,RNAV (RNP),AF-3266,
128,2019-05-11,PAWI,HUKI,332,244,406,363,1352,,,1352,633,1352,1352,,,,,,1,1,,1,,,2841,1990,ILS CAT I,LX-2493,
129,2019-05-09,VEKU,LSZQ,768,108,409,277,780,,,780,350,780,780,,,,,,1,1,,1,,,1316,2014,ILS CAT III,FR-2263,
130,2019-05-04,EDCL,MBSC,495,1040,410,94,545,,,545,357,545,,545,,,,,,,,,,,2497,568,RNAV (RNP AR),LX-2493,
131,2019-05-04,PAWN,ZPLJ,705,812,415,468,107,,,107,107,107,,,107,,,,1,1,,,1,,119,1653,LOC,LH-3603,
132,2019-04-28,KHYR,USHU,1394,78,417,492,124,,,124,124,124,,,124,,,,,,,,,,2715,275,RNAV (RNP),LH-3603,
133,2019-04-27,CYQS,HUAR,941,1364,420,441,423,,,423,355,423,,423,,,,,1,1,,,,1,1952,2060,RNAV (RNP),D8-2523,
134,2019-04-26,CZEE,ZJSY,814,155,421,362,781,,,781,355,781,781,,,,,,,,,,,,417,1306,VISUAL,FR-2263,
135,2019-04-24,KHYI,OPBG,1204,424,428,287,660,,,660,356,660,660,,,,,,1,,1,,,,2675,2898,ILS CAT III,LX-2493,
136,2019-04-23,KCKF,LFQT,1091,1353,431,400,262,,,262,262,262,,,262,,,,1,,1,,,,2807,501,ILS CAT III,FR-2263,
137,2019-04-22,EFKI,ESKV,690,397,432,444,1147,,,1147,420,1147,1147,,,,,,1,1,,1,,,1,1021,VOR/DME,D8-2523,
138,2019-04-20,YBAM,KBWG,508,790,440,362,282,,,282,282,282,,,282,,,,1,1,,1,,,1942,2780,VISUAL,D8-2523,
139,2019-04-20,KSMF,LTCH,68,181,445,142,113,,,113,113,113,,,113,,,,,,,,,,1217,406,ILS CAT III,D8-2523,
140,2019-04-15,EIIR,KATL,596,527,446,438,1371,,,1371,643,1371,1371,,,,,,1,1,,,1,,1786,129,ILS CAT III,DY-235,
141,2019-04-15,LPOV,CYFD,692,56,460,219,804,,,804,361,804,804,,,,,,,,,,,,1491,2250,ILS CAT I,DY-235,
144,2019-04-14,KNZY,YMNE,507,488,473,342,1421,,,1421,704,1421,1421,,,,,,1,1,,,,1,2058,2512,ILS CAT III,D8-2523,
145,2019-04-10,SGCO,GATB,695,645,475,180,1390,,,1390,668,1390,1390,,,,,,,,,,,,921,1757,RNAV (RNP AR),FR-2263,
146,2019-04-08,YNTN,MYEN,707,1131,485,184,424,,,424,363,424,,424,,,,,1,,1,,,,1424,2046,RNAV (RNP),D8-2523,
147,2019-04-08,LEMO,LFRK,1316,53,487,324,177,,,177,177,177,,,177,,,,1,,1,,,,1345,2083,NDB,LX-2493,
148,2019-04-08,KEMP,UASP,411,654,495,443,243,,,243,243,243,,,243,,,,1,1,,1,,,2533,381,RNAV (RNP),LH-3603,
149,2019-04-02,CYWH,NSMA,325,1348,501,412,1023,,,1023,372,1023,1023,,,,,,1,1,,1,,,2989,1853,ILS CAT III,LX-2493,
150,2019-04-02,SBCX,LILA,705,1123,503,414,418,,,418,362,418,,418,,,,,,,,,,,1891,1544,VISUAL,AF-3266,
151,2019-03-27,LGAX,CZRJ,560,1264,512,464,704,,,704,366,704,704,,,,,,1,1,,,1,,2130,2533,VISUAL,FR-2263,
152,2019-03-26,KAND,HTMP,822,52,516,337,670,,,670,365,670,670,,,,,,,,,,,,1365,2408,RNAV (RNP),D8-2523,
153,2019-03-21,LIER,MRLB,244,943,516,456,699,,,699,368,699,699,,,,,,1,1,,,,1,1486,1633,ILS CAT III,LX-2493,
154,2019-03-21,KM94,HAGB,776,297,517,190,961,,,961,370,961,961,,,,,,,,,,,,805,206,RNAV (RNP),FR-2263,
155,2019-03-17,VEGT,SBBG,421,866,525,308,445,,,445,369,445,,445,,,,,1,,1,,,,249,1187,ILS CAT III,DY-235,
156,2019-03-17,SBTF,SBSL,1294,753,527,233,899,,,899,371,899,899,,,,,,1,,1,,,,1724,659,ILS CAT III,DY-235,
157,2019-03-17,SLET,VILH,628,146,536,65,958,,,958,367,958,958,,,,,,1,1,,1,,,237,1263,ILS CAT III,LH-3603,
158,2019-03-17,KP52,ZYQQ,43,824,549,373,781,,,781,367,781,781,,,,,,1,1,,1,,,1010,1649,VISUAL,AF-3266,
159,2019-03-17,KSDY,RJFM,399,257,551,397,1298,,,1298,582,1298,1298,,,,,,,,,,,,2210,1943,RNAV (RNP),LH-3603,
160,2019-03-16,FYGK,LLEY,70,1185,556,324,1115,,,1115,391,1115,1115,,,,,,1,1,,,1,,1388,2870,ILS CAT I,DY-235,
161,2019-03-13,YWRN,FAKM,113,603,557,36,490,,,490,364,490,,490,,,,,,,,,,,275,757,ILS CAT III,DY-235,
162,2019-03-10,EDBK,SVCN,1306,655,563,237,789,,,789,370,789,789,,,,,,1,1,,,,1,1523,237,RNAV (RNP),LH-3603,
163,2019-03-10,CYXX,WBGL,109,378,568,266,269,,,269,269,269,,,269,,,,,,,,,,2562,2807,VISUAL,AF-3266,
164,2019-03-05,KTVC,FZFD,292,1003,569,198,711,,,711,372,711,711,,,,,,1,,1,,,,921,183,RNAV (RNP),AF-3266,
165,2019-03-04,MBSC,CEB3,1171,93,571,437,362,,,362,362,362,,,362,,,,1,,1,,,,2868,294,ILS CAT III,AF-3266,
166,2019-03-04,LFQG,LHKA,356,1119,573,291,763,,,763,370,763,763,,,,,,1,1,,1,,,2203,2361,ILS CAT I,LH-3603,
167,2019-03-04,FLCP,LIPR,1175,1170,575,394,1435,,,1435,710,1435,1435,,,,,,1,1,,1,,,1026,1,RNAV (RNP),D8-2523,
168,2019-03-01,YHSM,ETSL,1069,509,576,29,880,,,880,364,880,880,,,,,,,,,,,,362,2562,VISUAL,LH-3603,GEN off bus
169,2019-02-28,LKMH,FADQ,1248,793,595,120,985,,,985,369,985,985,,,,,,1,1,,,1,,495,2303,ILS CAT III,LX-2493,
170,2019-02-27,UNLL,EGNS,77,261,597,26,184,,,184,184,184,,,184,,,,,,,,,,2665,1306,ILS CAT III,AF-3266,ETOPS familiarization
171,2019-02-27,LFYD,OPSR,432,83,601,303,1091,,,1091,370,1091,1091,,,,,,1,1,,,,1,1924,1942,ILS CAT III,DY-235,
172,2019-02-25,SVMC,EGAD,1181,168,605,220,427,,,427,373,427,,427,,,,,,,,,,,1187,1446,VOR/DME,LH-3603,
173,2019-02-25,KIDP,ZGWZ,1375,1247,611,371,1312,,,1312,596,1312,1312,,,,,,1,,1,,,,1235,185,ILS CAT I,LX-2493,
174,2019-02-24,OEDR,CYMT,302,619,612,202,317,,,317,317,317,,,317,,,,1,,1,,,,1385,1796,ILS CAT III,LX-2493,
175,2019-02-24,KARA,VGRJ,858,1137,614,293,279,,,279,279,279,,,279,,,,1,1,,1,,,1306,2213,VISUAL,DY-235,
176,2019-02-22,SVSO,OBBS,1290,1025,621,285,1175,,,1175,456,1175,1175,,,,,,1,1,,1,,,1653,1471,ILS CAT III,AF-3266,
177,2019-02-19,KHLG,UWOD,150,1002,625,335,852,,,852,374,852,852,,,,,,,,,,,,786,2428,NDB,DY-235,
178,2019-02-19,KAUW,OIZH,850,521,634,217,1111,,,1111,394,1111,1111,,,,,,1,1,,,1,,1146,2707,NDB,D8-2523,
179,2019-02-14,KFDY,FQCH,1274,867,636,391,1033,,,1033,375,1033,1033,,,,,,,,,,,,193,1681,VISUAL,FR-2263,
180,2019-02-14,CYKA,OIBH,963,345,643,216,822,,,822,376,822,822,,,,,,1,1,,,,1,2993,2532,VISUAL,FR-2263,
181,2019-02-07,VAHB,DNPO,1034,1169,646,376,135,,,135,135,135,,,135,,,,,,,,,,1730,2772,LOC/DME,LH-3603,
182,2019-02-05,KRKP,KSZL,876,461,655,456,1025,,,1025,379,1025,1025,,,,,,1,,1,,,,2755,1385,ILS CAT III,DY-235,
183,2019-02-05,PARY,FAVG,1288,750,659,450,902,,,902,378,902,902,,,,,,1,,1,,,,920,357,ILS CAT III,LH-3603,
184,2019-02-03,MUTD,SLBJ,1192,898,666,384,1146,,,1146,421,1146,1146,,,,,,1,1,,1,,,1216,1106,RNAV (RNP),LX-2493,
185,2019-01-27,KNJK,ZYTL,1134,1193,667,452,59,,,59,59,59,,,59,,,,1,1,,1,,,2690,2030,ILS CAT III,LX-2493,
186,2019-01-26,KNRB,KCVS,13,1347,673,272,1334,,,1334,609,1334,1334,,,,,,,,,,,,1380,879,ILS CAT III,LX-2493,
187,2019-01-26,MMSP,LRCV,1009,321,677,486,752,,,752,374,752,752,,,,,,1,1,,,1,,1197,1962,VOR/DME,DY-235,
188,2019-01-19,FMNH,CYNN,1153,410,688,392,697,,,697,371,697,697,,,,,,,,,,,,819,2442,ILS CAT III,FR-2263,
189,2019-01-19,VNMA,FAKS,895,329,692,477,874,,,874,364,874,874,,,,,,1,1,,,,1,1873,1965,ILS CAT III,DY-235,
190,2019-01-13,PASI,WI1A,1174,101,692,452,367,,,367,359,367,,,367,,,,,,,,,,1529,2817,VISUAL,DY-235,
191,2019-01-10,CYTS,OYHD,793,1169,698,179,376,,,376,363,376,,,376,,,,1,,1,,,,563,713,RNAV (RNP),LH-3603,
192,2019-01-08,LFQC,HUPA,17,892,707,328,875,,,875,364,875,875,,,,,,1,,1,,,,1835,2438,VISUAL,AF-3266,
193,2019-01-05,AYBA,KRCX,428,913,710,445,485,,,485,366,485,,485,,,,,1,1,,1,,,1444,1438,LOC/DME,AF-3266,
194,2019-01-05,PAGK,HTSY,1389,24,711,61,75,,,75,75,75,,,75,,,,1,1,,1,,,878,913,RNAV (RNP AR),LH-3603,
195,2019-01-01,CAM9,PAMH,153,1408,713,87,1255,,,1255,532,1255,1255,,,,,,,,,,,,1117,261,ILS CAT III,LH-3603,
196,2019-01-01,K19S,ENTO,749,407,713,39,1098,,,1098,380,1098,1098,,,,,,1,1,,,1,,137,2508,VISUAL,FR-2263,
197,2018-12-26,EFKT,EFSI,825,391,713,399,1006,,,1006,359,1006,1006,,,,,,,,,,,,370,1137,NDB,DY-235,
198,2018-12-17,RKJB,KOKK,859,214,714,72,795,,,795,353,795,795,,,,,,1,1,,,,1,666,1160,LOC,AF-3266,
199,2018-12-17,KDLS,HTDA,552,1040,718,223,488,,,488,354,488,,488,,,,,,,,,,,188,1788,ILS CAT III,D8-2523,
200,2018-12-15,CZWL,UUYI,1038,1132,727,187,94,,,94,94,94,,,94,,,,1,,1,,,,1145,106,VISUAL,LH-3603,
202,2018-12-14,KGDV,RKDU,607,1227,734,483,620,,,620,352,620,620,,,,,,1,,1,,,,1088,224,VISUAL,FR-2263,
203,2018-12-10,LTAW,VTUV,798,576,735,223,1218,,,1218,497,1218,1218,,,,,,1,1,,1,,,44,2923,VISUAL,LX-2493,
204,2018-12-10,SAHS,VVPB,662,519,741,493,1297,,,1297,578,1297,1297,,,,,,1,1,,1,,,2842,1201,VISUAL,D8-2523,
205,2018-12-08,KADS,EPSU,1068,1150,747,496,82,,,82,82,82,,,82,,,,,,,,,,3000,1089,ILS CAT I,LH-3603,
206,2018-12-06,FMMV,MMMD,342,321,748,22,1419,,1419,,689,,1419,,,,,,1,1,,,1,,2662,2722,ILS CAT III,FR-2263,Discretion used
207,2018-12-06,PAGN,LLEK,1203,1104,753,38,1341,,,1341,625,1341,1341,,,,,,,,,,,,1608,2833,VISUAL,LH-3603,
208,2018-12-05,RCGM,SAAG,708,262,757,391,994,,,994,344,994,994,,,,,,1,1,,,,1,2865,2868,ILS CAT III,D8-2523,
209,2018-12-05,CYHI,YWLU,848,1313,763,319,465,,,465,344,465,,465,,,,,,,,,,,867,503,ILS CAT III,LX-2493,
210,2018-11-26,SLCO,FQQL,973,1107,764,380,134,,,134,134,134,,,134,,,,1,,1,,,,2982,1297,NDB,D8-2523,
211,2018-11-22,ULBC,LSME,817,399,778,326,1022,,,1022,343,1022,1022,,,,,,1,,1,,,,2638,1150,ILS CAT III,D8-2523,
212,2018-11-21,SBGV,HLON,410,75,778,380,1105,,,1105,383,1105,1105,,,,,,1,1,,1,,,1933,1529,RNAV (RNP),LX-2493,
213,2018-11-20,KACJ,ENRS,1042,212,784,431,610,,,610,347,610,610,,,,,,1,1,,1,,,1206,1806,ILS CAT III,LX-2493,
214,2018-11-19,PAKY,TFFA,843,639,786,8,1236,1236,,,516,,1236,,,,,,1,1,,1,,,1954,215,RNAV (RNP),DY-235,Go-Around
215,2018-11-19,KSBP,WADS,397,343,789,325,1386,,,1386,670,1386,1386,,,,,,1,1,,,1,,2034,1745,RNAV (RNP),FR-2263,
216,2018-11-08,KMYR,KHRO,325,1138,792,477,813,,,813,348,813,813,,,,,,1,1,,,1,,527,131,ILS CAT III,LH-3603,
217,2018-11-08,PFAL,HECA,502,249,794,47,1187,,,1187,472,1187,1187,,,,,,1,1,,,,1,27,576,RNAV (RNP AR),DY-235,
218,2018-11-05,LQTZ,UKRR,1179,35,805,384,296,,,296,296,296,,,296,,,,1,,,,,,2213,563,RNAV (RNP AR),DY-235,
219,2018-11-05,ENKA,OOSH,739,1287,807,64,548,,,548,339,548,,548,,,,,1,,1,,,,110,2719,LOC,D8-2523,
220,2018-11-03,EYVP,EDWK,686,206,814,276,960,,,960,341,960,960,,,,,,1,,1,,,,2890,162,RNAV (RNP),LH-3603,
221,2018-11-02,FZGN,OIKK,803,803,818,125,1440,,,1440,717,1440,1440,,,,,,1,1,,1,,,1324,445,NDB,LX-2493,
222,2018-10-28,LFRE,SVFT,69,1045,819,307,976,,,976,344,976,976,,,,,,1,1,,1,,,2105,421,LOC/DME,LX-2493,
223,2018-10-28,LFOJ,EDNY,726,994,830,167,268,,,268,268,268,,,268,,,,,,,,,,2361,1552,ILS CAT III,FR-2263,
224,2018-10-28,PAKH,WSAC,777,60,831,357,723,,,723,345,723,723,,,,,,1,1,,,1,,182,1676,ILS CAT I,D8-2523,
225,2018-10-27,LIPY,KLAL,882,327,840,367,885,,,885,344,885,885,,,,,,,,,,,,79,1371,RNAV (RNP),FR-2263,
226,2018-10-27,KOLS,FMNR,304,782,856,441,478,,,478,342,478,,478,,,,,1,1,,,,1,525,1557,RNAV (RNP),LX-2493,
227,2018-10-25,SWVJ,VGZR,1049,1294,860,66,245,,,245,245,245,,,245,,,,,,,,,,2408,2037,RNAV (RNP),FR-2263,
228,2018-10-24,FCPP,SEMT,1259,232,867,444,413,,,413,347,413,,413,,,,,1,,1,,,,1003,2665,ILS CAT III,LX-2493,
229,2018-10-21,KHPN,DTNH,141,997,875,373,856,,,856,346,856,856,,,,,,1,,1,,,,1860,955,LOC/DME,FR-2263,
230,2018-10-16,LBBG,SSKW,996,1196,878,264,200,,,200,200,200,,,200,,,,1,1,,1,,,1990,182,RNAV (RNP),D8-2523,
231,2018-10-16,KSNS,WADA,420,976,879,391,556,,,556,342,556,,556,,,,,1,1,,1,,,1358,1,ILS CAT III,LX-2493,
232,2018-10-09,YGTE,KCUB,586,1335,883,230,749,,,749,343,749,749,,,,,,,,,,,,2569,2994,RNAV (RNP),D8-2523,
233,2018-10-09,KELP,OIYY,257,650,885,405,393,,,393,343,393,,,393,,,,1,1,,,1,,1552,1003,LOC,AF-3266,
234,2018-10-08,LFRZ,KTUS,296,416,887,135,120,,,120,120,120,,,120,,,,,,,,,,34,1618,VISUAL,FR-2263,
235,2018-10-08,FAWK,ESUK,124,382,889,484,258,,,258,258,258,,,258,,,,1,1,,,,1,757,2041,ILS CAT III,LX-2493,
236,2018-10-06,SAWU,EDTG,1155,113,890,183,398,,,398,347,398,,,398,,,,,,,,,,2037,1891,ILS CAT III,DY-235,
237,2018-10-02,LFCQ,EPSK,950,1077,892,445,127,,,127,127,127,,,127,,,,1,,1,,,,2337,2728,RNAV (RNP),FR-2263,
238,2018-10-01,SAZN,OSAP,491,702,894,475,211,,,211,211,211,,,211,,,,1,,1,,,,2898,2096,ILS CAT I,AF-3266,
239,2018-09-26,ZWCM,PAQH,838,437,895,212,1039,,,1039,349,1039,1039,,,,,,1,1,,1,,,1638,1952,RNAV (RNP),LH-3603,
240,2018-09-26,KRYW,OPKC,1119,1278,899,467,159,,,159,159,159,,,159,,,,1,1,,1,,,2231,1424,VISUAL,D8-2523,
241,2018-09-26,SNDV,EDWM,770,946,900,112,176,,,176,176,176,,,176,,,,,,,,,,734,1620,VOR/DME,FR-2263,
242,2018-09-23,NTGT,KDVT,18,998,902,199,980,,,980,360,980,980,,,,,,1,1,,,1,,397,56,ILS CAT I,FR-2263,
243,2018-09-23,LPPR,LPFR,769,629,904,290,1300,,,1300,575,1300,1300,,,,,,,,,,,,551,1187,RNAV (RNP),LX-2493,
244,2018-09-23,KPNC,ZBYZ,1342,41,905,5,139,139,,,139,,,,,139,,,1,1,,,,1,1211,1280,ILS CAT I,LH-3603,Line Check
245,2018-09-18,FAPE,DAOF,618,853,908,49,235,,,235,235,235,,,235,,,,,,,,,,1757,2061,VISUAL,AF-3266,
246,2018-09-08,VETZ,LESA,1327,1191,912,374,1304,,,1304,575,1304,1304,,,,,,1,,1,,,,1201,186,LOC,DY-235,
247,2018-09-08,CZBD,ZGCD,16,1125,913,234,1109,,,1109,394,1109,1109,,,,,,1,,1,,,,1991,2190,VOR/DME,FR-2263,
249,2018-09-06,SKCC,OISY,272,981,918,467,709,,,709,357,709,709,,,,,,1,1,,1,,,1468,710,VISUAL,LX-2493,
250,2018-09-04,NWWR,SYIB,167,1280,920,253,1113,,,1113,378,1113,1113,,,,,,1,1,,1,,,895,301,ILS CAT I,DY-235,
252,2018-09-03,K87K,UNNT,1431,1434,921,263,3,,,3,3,3,,,3,,,,1,1,,,1,,357,939,ILS CAT I,AF-3266,
253,2018-08-28,OIKR,FZGA,639,969,936,469,330,,,330,330,330,,,330,,,,,,,,,,713,707,VISUAL,FR-2263,
254,2018-08-27,AGGH,KPBH,976,324,939,426,788,,,788,356,788,788,,,,,,1,1,,,,1,2813,314,RNAV (RNP),LH-3603,
255,2018-08-27,PAOR,FWKA,1201,227,943,13,466,,466,,360,,466,,,,,,,,,,,,1365,2041,ILS CAT III,D8-2523,Go-Around
256,2018-08-25,YWDH,EDDN,1118,499,947,410,821,,,821,354,821,821,,,,,,1,,1,,,,2944,249,ILS CAT III,LH-3603,
257,2018-08-22,VLVT,EPMI,646,905,948,234,259,,,259,259,259,,,259,,,,1,,1,,,,237,1908,ILS CAT III,D8-2523,
258,2018-08-22,OPRN,WIBR,1193,268,953,365,515,,,515,355,515,,515,,,,,1,1,,1,,,328,1975,ILS CAT I,FR-2263,
260,2018-08-17,CYYZ,FNMA,558,650,955,296,92,,,92,92,92,,,92,,,,1,1,,1,,,1811,1062,ILS CAT III,DY-235,
261,2018-08-17,UOOO,LKTB,916,1246,959,239,330,,,330,330,330,,,330,,,,,,,,,,2438,2421,VISUAL,LX-2493,
262,2018-08-15,ORSH,ENHA,60,1287,964,135,1227,,,1227,499,1227,1227,,,,,,1,1,,,1,,698,1452,VISUAL,D8-2523,
263,2018-08-12,YBCK,FQMD,302,115,965,60,1253,,,1253,524,1253,1253,,,,,,,,,,,,2216,2843,ILS CAT I,FR-2263,
264,2018-08-10,WIMO,MGPB,576,636,971,103,60,,,60,60,60,,,60,,,,1,1,,,,1,894,1140,ILS CAT III,LX-2493,
265,2018-08-10,CYPW,LLIB,1241,340,973,170,539,,,539,364,539,,539,,,,,,,,,,,1163,1463,VISUAL,AF-3266,
266,2018-08-04,ETHN,VIPK,1164,510,983,450,786,,,786,360,786,786,,,,,,1,,1,,,,294,337,VISUAL,AF-3266,
267,2018-08-03,PFKA,KAYS,1006,301,987,303,735,,,735,372,735,735,,,,,,1,,1,,,,601,1687,ILS CAT III,LH-3603,
268,2018-07-24,ESNY,KFRG,1317,533,988,26,656,,,656,366,656,656,,,,,,1,1,,1,,,2555,2020,ILS CAT I,FR-2263,ETOPS familiarization
269,2018-07-24,CZNG,VASD,799,1107,990,100,308,,,308,308,308,,,308,,,,1,1,,1,,,1681,2995,LOC/DME,DY-235,
270,2018-07-24,KMRJ,VEJT,307,1178,994,466,871,,,871,364,871,871,,,,,,,,,,,,2615,1267,ILS CAT III,LH-3603,
271,2018-07-23,CYPM,FSAL,482,134,1001,424,1092,,,1092,373,1092,1092,,,,,,1,1,,,1,,899,2921,ILS CAT III,LX-2493,
272,2018-07-21,EDWQ,SAVB,989,399,1003,347,850,,,850,366,850,850,,,,,,,,,,,,1053,1221,VOR/DME,D8-2523,
273,2018-07-21,LOLW,UWKJ,1131,52,1009,55,361,,,361,360,361,,,361,,,,1,1,,,,1,2722,415,ILS CAT III,DY-235,
274,2018-07-21,PPIZ,VTCP,805,1019,1009,374,214,,,214,214,214,,,214,,,,,,,,,,1021,2971,ILS CAT III,LH-3603,
275,2018-07-14,CYWP,UKLN,732,788,1010,329,56,,,56,56,56,,,56,,,,1,,1,,,,428,2452,ILS CAT III,FR-2263,
276,2018-07-12,LFFQ,LIRQ,192,1125,1017,408,933,,,933,362,933,933,,,,,,1,,1,,,,2599,47,LOC/DME,DY-235,
277,2018-07-11,EDDC,FAMB,1319,453,1018,428,574,,,574,362,574,574,,,,,,1,1,,1,,,807,867,VISUAL,DY-235,
278,2018-07-04,CYVC,OPJA,1108,193,1021,397,525,,,525,360,525,,525,,,,,1,1,,1,,,2238,1365,ILS CAT III,AF-3266,
279,2018-07-01,EGOQ,BIGF,1381,1315,1024,367,1374,,,1374,645,1374,1374,,,,,,,,,,,,1153,2658,ILS CAT III,D8-2523,
280,2018-07-01,KDYS,UEMH,981,548,1026,137,1007,,,1007,361,1007,1007,,,,,,1,1,,,1,,2311,1963,LOC,DY-235,
281,2018-06-24,VOMM,KSFB,835,394,1028,331,999,,,999,358,999,999,,,,,,,,,,,,634,2722,RNAV (RNP),LH-3603,
282,2018-06-24,KASE,OINZ,543,1051,1030,289,508,,,508,359,508,,508,,,,,1,1,,,,1,1226,516,NDB,LH-3603,
283,2018-06-23,KCEF,EGDR,1123,575,1038,245,892,,,892,362,892,892,,,,,,,,,,,,885,1516,VOR/DME,FR-2263,
284,2018-06-12,KLHM,BGSV,172,495,1039,298,323,,,323,323,323,,,323,,,,1,,1,,,,2030,1852,ILS CAT III,DY-235,
285,2018-06-03,KHON,OPBG,669,260,1053,238,1031,,,1031,358,1031,1031,,,,,,1,,1,,,,918,334,VISUAL,AF-3266,
286,2018-06-03,SBLP,ZWTC,772,1100,1055,33,328,,,328,328,328,,,328,,,,1,1,,1,,,2817,1892,VISUAL,FR-2263,GEN off bus
287,2018-06-02,MUSC,EDLV,510,135,1062,407,1065,,,1065,359,1065,1065,,,,,,1,1,,1,,,1030,525,ILS CAT I,FR-2263,
288,2018-06-01,CYKY,EDRK,839,982,1064,224,143,,,143,143,143,,,143,,,,,,,,,,2526,301,ILS CAT III,DY-235,
289,2018-05-27,KRWF,OERY,437,159,1065,74,1162,,,1162,442,1162,1162,,,,,,1,1,,,1,,14,1432,ILS CAT I,DY-235,
290,2018-05-25,EBUL,KORH,419,211,1066,394,1232,,,1232,501,1232,1232,,,,,,,,,,,,818,2158,RNAV (RNP),LX-2493,
291,2018-05-25,PAHP,ZPCW,1336,636,1068,134,740,,,740,356,740,740,,,,,,1,1,,,,1,2344,1165,ILS CAT III,LX-2493,
292,2018-05-20,EKAH,MYLS,1237,1261,1073,443,24,,,24,24,24,,,24,,,,,,,,,,3,1444,VISUAL,AF-3266,
293,2018-05-20,EGHR,SKUC,1318,1264,1088,397,1386,,,1386,657,1386,1386,,,,,,1,,1,,,,1124,1204,RNAV (RNP),FR-2263,
294,2018-05-20,KHIB,VNJP,1231,714,1089,303,923,,,923,355,923,923,,,,,,1,,1,,,,2503,186,RNAV (RNP AR),AF-3266,
295,2018-05-20,PHLI,VTSC,1396,1386,1096,344,1430,,,1430,714,1430,1430,,,,,,1,1,,1,,,2829,188,VISUAL,DY-235,
296,2018-05-11,FAKD,LHTA,930,488,1099,306,998,,,998,353,998,998,,,,,,1,1,,1,,,1340,275,VISUAL,AF-3266,
297,2018-05-09,KALO,UUOR,959,1121,1106,154,162,,,162,162,162,,,162,,,,,,,,,,1669,735,VISUAL,D8-2523,
298,2018-05-08,UROD,MYRP,198,992,1108,489,794,,,794,352,794,794,,,,,,1,1,,,1,,643,1198,NDB,FR-2263,
299,2018-05-08,KRBM,VNBJ,736,1344,1110,183,608,,,608,353,608,608,,,,,,,,,,,,2158,1,ILS CAT III,LH-3603,
300,2018-05-05,RPUF,SMNI,473,658,1117,303,185,,,185,185,185,,,185,,,,1,1,,,,1,1985,1138,ILS CAT III,FR-2263,
301,2018-05-05,KCOE,WATB,332,1073,1122,289,741,,,741,355,741,741,,,,,,,,,,,,1065,1821,VISUAL,AF-3266,
302,2018-04-27,LIPN,EGTR,1234,535,1122,319,741,,,741,354,741,741,,,,,,1,,1,,,,64,240,VISUAL,DY-235,
303,2018-04-26,KUYF,OIIA,462,1354,1124,280,892,,,892,357,892,892,,,,,,1,,1,,,,2615,1391,NDB,D8-2523,
304,2018-04-18,NTGQ,CAQ3,1428,278,1127,406,290,,,290,290,290,,,290,,,,1,1,,1,,,1446,625,RNAV (RNP),DY-235,
305,2018-04-18,LTBZ,EDAC,423,604,1137,312,181,,,181,181,181,,,181,,,,1,1,,1,,,621,571,ILS CAT I,D8-2523,
306,2018-04-15,DIBK,UTSS,158,370,1138,157,212,,,212,212,212,,,212,,,,,,,,,,501,953,ILS CAT III,LH-3603,
307,2018-04-14,FSFA,KSMO,198,1313,1138,310,1115,,,1115,382,1115,1115,,,,,,1,1,,,1,,1108,2125,ILS CAT III,DY-235,
308,2018-04-14,KTCC,FNGI,760,232,1138,116,912,,,912,362,912,912,,,,,,,,,,,,366,2445,VISUAL,LX-2493,
309,2018-04-13,SSOE,LFSQ,1130,901,1140,335,1211,,,1211,488,1211,1211,,,,,,1,1,,,,1,1073,2314,ILS CAT III,LH-3603,
310,2018-04-13,KPRC,FZUK,942,834,1142,152,1332,,,1332,612,1332,1332,,,,,,,,,,,,2789,2702,ILS CAT III,LX-2493,
311,2018-04-11,UKFY,SKUL,725,234,1145,298,949,,,949,359,949,949,,,,,,1,,1,,,,485,266,ILS CAT III,LH-3603,
312,2018-04-09,ZLJN,TFFS,1295,622,1146,410,767,,,767,357,767,767,,,,,,1,,1,,,,2202,1226,ILS CAT III,AF-3266,
313,2018-04-09,KRHV,ZBXH,1244,66,1150,494,262,,,262,262,262,,,262,,,,1,1,,1,,,183,1,ILS CAT III,LH-3603,
314,2018-04-07,HTZA,KOGB,704,480,1151,390,1216,,,1216,486,1216,1216,,,,,,1,1,,1,,,2121,2158,ILS CAT III,LH-3603,
315,2018-04-07,KMLS,OMAA,88,1339,1153,297,1251,,,1251,532,1251,1251,,,,,,,,,,,,2026,360,LOC/DME,D8-2523,
316,2018-04-06,NVSZ,7FA1,88,1377,1160,176,1289,,,1289,555,1289,1289,,,,,,1,1,,,1,,1912,328,VISUAL,LX-2493,
317,2018-04-06,KRKS,OTBH,668,1140,1163,432,472,,,472,359,472,,472,,,,,,,,,,,516,2042,VISUAL,LH-3603,
318,2018-04-02,EGCF,KGYR,54,1081,1165,203,1027,,,1027,364,1027,1027,,,,,,1,1,,,,1,291,244,VISUAL,DY-235,
319,2018-04-02,KGXY,ENTC,19,490,1170,319,471,,,471,360,471,,471,,,,,,,,,,,2722,667,VISUAL,LH-3603,
320,2018-03-28,BINF,KWRL,531,652,1187,297,121,,,121,121,121,,,121,,,,1,,1,,,,2430,2415,VISUAL,LX-2493,
321,2018-03-24,ESSA,TVSM,560,76,1187,411,956,,,956,365,956,956,,,,,,1,,1,,,,2777,2238,ILS CAT III,LH-3603,
322,2018-03-24,LPCV,DGTK,1149,768,1187,456,1059,,,1059,365,1059,1059,,,,,,1,1,,1,,,2653,1218,LOC/DME,LH-3603,
323,2018-03-24,66CA,YBGD,1017,524,1196,365,947,,,947,366,947,947,,,,,,1,1,,1,,,1532,431,ILS CAT III,D8-2523,
324,2018-03-23,OMFJ,SWDM,1312,583,1197,283,711,,,711,365,711,711,,,,,,,,,,,,748,2059,RNAV (RNP),AF-3266,
325,2018-03-23,LPCB,VRMO,12,44,1198,44,32,,,32,32,32,,,32,,,,1,1,,,1,,1334,2465,RNAV (RNP),AF-3266,
326,2018-03-23,CYHY,RCGI,1131,431,1201,117,740,,,740,365,740,740,,,,,,,,,,,,2731,2933,ILS CAT III,AF-3266,
327,2018-03-21,VTUO,FYML,1190,741,1201,207,991,,,991,360,991,991,,,,,,1,1,,,,1,2326,1163,ILS CAT III,LH-3603,
328,2018-03-15,VNSI,EDHB,1312,1054,1204,245,1182,,,1182,455,1182,1182,,,,,,,,,,,,1950,372,VISUAL,D8-2523,
329,2018-03-14,BGNU,SBVG,1387,1050,1206,395,1103,,,1103,379,1103,1103,,,,,,1,,1,,,,971,1122,VISUAL,DY-235,
330,2018-03-14,MMEP,RJFT,393,732,1211,140,339,,,339,339,339,,,339,,,,1,,1,,,,261,636,RNAV (RNP),D8-2523,
331,2018-03-12,NTGV,VDKT,243,537,1212,377,294,,,294,294,294,,,294,,,,1,1,,1,,,1796,1,RNAV (RNP),D8-2523,
332,2018-03-08,NZCI,KFNT,300,1401,1214,378,1101,,,1101,381,1101,1101,,,,,,1,1,,1,,,1585,2497,VISUAL,FR-2263,
333,2018-03-08,EBZH,SWYN,125,950,1216,379,825,,,825,371,825,825,,,,,,1,1,,1,,,1,1996,VISUAL,LH-3603,
334,2018-03-08,KXTA,URMS,967,950,1217,398,1423,,,1423,704,1423,1423,,,,,,1,1,,,1,,1514,2855,ILS CAT III,LX-2493,
335,2018-03-08,KNTD,ZSNJ,1422,1123,1218,364,1141,,,1141,427,1141,1141,,,,,,1,1,,,1,,410,110,VISUAL,DY-235,
336,2018-03-07,MMIT,BGLL,1311,259,1221,457,388,,,388,373,388,,,388,,,,1,1,,,,1,445,2465,VOR/DME,AF-3266,
337,2018-03-07,KLGU,ZYSQ,189,1383,1224,315,1194,,,1194,480,1194,1194,,,,,,1,,,,,,1255,1279,LOC,LH-3603,
338,2018-03-02,UMMM,FAAL,686,1385,1224,42,699,,,699,368,699,699,,,,,,1,,1,,,,1444,2316,ILS CAT III,LX-2493,
339,2018-03-02,KSTS,OJHF,718,1431,1226,301,713,,,713,373,713,713,,,,,,1,,1,,,,1821,1358,VOR/DME,DY-235,
340,2018-02-28,XLLL,DGSI,467,25,1230,3,998,998,,,370,,998,,,,,,1,1,,1,,,2084,19,VISUAL,DY-235,Line Check
341,2018-02-23,HSFA,UAFJ,240,1183,1235,405,943,,,943,369,943,943,,,,,,1,1,,1,,,1407,1867,ILS CAT I,FR-2263,
342,2018-02-20,VRNT,KCVO,858,85,1246,135,667,,,667,375,667,667,,,,,,,,,,,,2091,214,VISUAL,LX-2493,
343,2018-02-20,HKIS,HLLT,1062,74,1248,290,452,,,452,371,452,,452,,,,,1,1,,,1,,1452,792,VISUAL,DY-235,
344,2018-02-17,FTTJ,LTCO,1273,1111,1255,284,1278,,,1278,555,1278,1278,,,,,,,,,,,,1,2300,VISUAL,D8-2523,
345,2018-02-13,ZYCY,LOAV,161,1164,1260,494,1003,,,1003,367,1003,1003,,,,,,1,1,,,,1,1989,2079,RNAV (RNP AR),AF-3266,
346,2018-02-11,MMPR,KPRX,821,1011,1261,291,190,,,190,190,190,,,190,,,,,,,,,,2123,936,VISUAL,AF-3266,
347,2018-02-11,PAUN,HSMK,668,1007,1261,55,339,,,339,339,339,,,339,,,,1,,1,,,,2508,2785,RNAV (RNP),LH-3603,
348,2018-02-10,PAMH,LGNX,858,278,1263,315,860,,,860,378,860,860,,,,,,1,,1,,,,55,789,ILS CAT I,AF-3266,
349,2018-02-03,KPJC,HTMS,1391,1209,1263,474,1258,,,1258,538,1258,1258,,,,,,1,1,,1,,,409,959,ILS CAT III,LX-2493,
350,2018-01-26,CYUB,CYSF,135,438,1267,443,303,,,303,303,303,,,303,,,,1,1,,1,,,1471,807,VOR/DME,FR-2263,
351,2018-01-26,FAMJ,FATF,1293,1227,1274,352,1374,,,1374,647,1374,1374,,,,,,,,,,,,2385,2543,VISUAL,D8-2523,
352,2018-01-22,WAMH,KAMA,666,253,1279,286,1027,,,1027,367,1027,1027,,,,,,1,1,,,1,,778,2756,VISUAL,FR-2263,
353,2018-01-22,LFBK,VNLK,73,212,1280,463,139,,,139,139,139,,,139,,,,,,,,,,1811,875,ILS CAT III,LX-2493,
354,2018-01-22,HALL,EFYL,308,1365,1283,55,1057,,,1057,368,1057,1057,,,,,,1,1,,,,1,1673,1962,LOC,AF-3266,
355,2018-01-21,YVRD,KISP,244,58,1297,393,1254,,,1254,521,1254,1254,,,,,,,,,,,,1336,399,ILS CAT III,LH-3603,
356,2018-01-21,MGTK,VYPU,1259,1403,1300,323,144,,,144,144,144,,,144,,,,1,,1,,,,1606,309,ILS CAT III,DY-235,
357,2018-01-20,XS46,KMHR,1077,424,1304,116,787,,,787,377,787,787,,,,,,1,,1,,,,677,2873,VISUAL,DY-235,
358,2018-01-18,WMKJ,TVSC,921,1364,1306,182,443,,,443,371,443,,443,,,,,1,1,,1,,,314,2790,ILS CAT III,LX-2493,
359,2018-01-18,KMCC,ZBAA,996,584,1306,102,1028,,,1028,372,1028,1028,,,,,,1,1,,1,,,2657,549,VISUAL,D8-2523,
360,2018-01-17,SSBL,CYYB,1271,1179,1314,138,1348,,,1348,622,1348,1348,,,,,,,,,,,,2893,2277,NDB,AF-3266,
361,2018-01-17,MMIO,UTSL,764,832,1316,63,68,,,68,68,68,,,68,,,,1,1,,,1,,904,1370,VISUAL,FR-2263,
362,2018-01-10,LRBM,EPKM,1409,661,1323,212,692,,,692,365,692,692,,,,,,,,,,,,1666,2158,ILS CAT III,AF-3266,
363,2018-01-08,OPSN,SBGM,1366,133,1324,323,207,,,207,207,207,,,207,,,,1,1,,,,1,275,1551,LOC,LH-3603,
364,2018-01-04,PAJN,MMOX,484,1383,1334,242,899,,,899,372,899,899,,,,,,,,,,,,1260,1206,ILS CAT III,LH-3603,
365,2018-01-04,PASH,LRTZ,760,312,1336,73,992,,,992,371,992,992,,,,,,1,,1,,,,1927,1530,ILS CAT III,D8-2523,
366,2018-01-03,CDL7,KPKB,408,1073,1339,463,665,,,665,370,665,665,,,,,,1,,1,,,,973,2501,ILS CAT III,DY-235,
367,2018-01-03,CYQW,OIFM,29,790,1340,449,761,,,761,366,761,761,,,,,,1,1,,1,,,2988,2979,LOC,DY-235,
368,2018-01-02,EDFH,UNKI,469,1231,1345,9,762,,762,,360,,762,,,,,,1,1,,1,,,1950,1088,ILS CAT I,AF-3266,Go-Around
369,2018-01-01,KLAX,SASO,128,571,1358,437,443,,,443,366,443,,443,,,,,,,,,,,2041,860,ILS CAT III,FR-2263,
370,2018-01-01,KNOW,ZGCS,915,1025,1362,151,110,,,110,110,110,,,110,,,,1,1,,,1,,556,1549,ILS CAT III,FR-2263,
371,2017-12-25,KNIP,KMHK,494,1065,1364,127,571,,,571,365,571,571,,,,,,,,,,,,959,1706,VISUAL,DY-235,
372,2017-12-25,KFIT,LFTU,211,876,1365,281,665,,,665,361,665,665,,,,,,1,1,,,,1,753,2221,ILS CAT III,DY-235,
373,2017-12-25,PACZ,UKWW,309,556,1365,432,247,,,247,247,247,,,247,,,,,,,,,,206,1399,VOR/DME,AF-3266,
374,2017-12-18,UERA,PAMB,1244,240,1365,308,436,,,436,364,436,,436,,,,,1,,1,,,,186,2996,LOC/DME,LH-3603,
375,2017-12-18,LTAB,LFKB,225,1123,1370,418,898,,,898,354,898,898,,,,,,1,,1,,,,310,2409,ILS CAT I,D8-2523,
376,2017-12-16,NVSV,KSDM,1041,283,1370,8,682,682,,,352,,682,,,,,,1,1,,1,,,1717,1740,VOR/DME,LH-3603,Go-Around
377,2017-12-16,HTWK,FYMO,101,1020,1371,273,919,,,919,351,919,919,,,,,,1,1,,1,,,1017,192,RNAV (RNP),AF-3266,
378,2017-12-13,MUPB,SVJC,997,338,1380,410,781,,,781,358,781,781,,,,,,,,,,,,2191,1038,VISUAL,FR-2263,
379,2017-12-13,PAOB,VTUO,318,822,1381,107,504,,,504,351,504,,504,,,,,1,1,,,1,,2445,1018,RNAV (RNP),D8-2523,
380,2017-12-09,RJOT,ESNX,827,121,1382,292,734,,,734,346,734,734,,,,,,,,,,,,575,288,ILS CAT III,FR-2263,
381,2017-12-04,VGSD,TUPW,717,780,1385,82,63,,,63,63,63,,,63,,,,1,1,,,,1,1769,2555,VISUAL,DY-235,
382,2017-12-04,CYWJ,UIKM,170,1191,1388,348,1021,,,1021,353,1021,1021,,,,,,,,,,,,369,391,ILS CAT III,LH-3603,
383,2017-12-03,BGAA,KMUI,1118,1374,1391,110,256,,,256,256,256,,,256,,,,1,,1,,,,1649,2675,ILS CAT I,AF-3266,
384,2017-12-03,KCFV,VIJN,72,435,1391,163,363,,,363,344,363,,,363,,,,1,,1,,,,503,2642,ILS CAT III,FR-2263,
385,2017-11-24,KHYW,KGLW,820,516,1397,240,1136,,,1136,412,1136,1136,,,,,,1,1,,1,,,1696,2337,VISUAL,DY-235,
386,2017-11-24,KYKM,UUBD,447,405,1399,418,1398,,,1398,681,1398,1398,,,,,,1,1,,1,,,2263,402,LOC,LX-2493,
387,2017-11-22,BGTL,EGPT,166,43,1401,365,1317,,,1317,597,1317,1317,,,,,,,,,,,,1576,973,ILS CAT III,LX-2493,
388,2017-11-21,CNJ4,LTBG,294,144,1407,306,1290,,,1290,571,1290,1290,,,,,,1,1,,,1,,1099,753,VISUAL,FR-2263,
389,2017-11-19,MMPS,EGMT,1069,1222,1411,140,153,,,153,153,153,,,153,,,,,,,,,,1881,1514,ILS CAT III,LX-2493,
390,2017-11-14,NTTG,KEDW,153,752,1414,380,599,,,599,352,599,599,,,,,,1,1,,,,1,2277,2880,ILS CAT I,DY-235,
391,2017-11-14,HTLM,FCOO,1439,715,1422,426,716,,,716,341,716,716,,,,,,,,,,,,573,2091,LOC,AF-3266,
392,2017-11-08,CYYD,UNIT,1083,230,1424,82,587,,,587,343,587,587,,,,,,1,,1,,,,399,912,VOR/DME,LH-3603,
393,2017-11-02,LROP,LFQO,1094,338,1426,378,684,,,684,341,684,684,,,,,,1,,1,,,,1533,1566,LOC,D8-2523,
394,2017-10-26,EGQS,KLOZ,592,714,1432,245,122,,,122,122,122,,,122,,,,1,1,,1,,,1263,2837,VISUAL,LX-2493,
395,2017-10-26,LFOD,EGXD,1336,957,1438,222,1061,,,1061,343,1061,1061,,,,,,1,1,,1,,,2213,1365,ILS CAT I,FR-2263,
396,2017-10-26,CYGE,FMMV,78,1422,1443,405,1344,,,1344,626,1344,1344,,,,,,,,,,,,1488,1648,RNAV (RNP),D8-2523,
397,2017-10-20,GQNI,LTBX,915,187,1444,154,712,,,712,343,712,712,,,,,,1,1,,,1,,1686,1923,RNAV (RNP),LX-2493,
398,2017-10-15,NTAM,SPAB,1092,1403,1444,284,311,,,311,311,311,,,311,,,,,,,,,,2532,307,ILS CAT I,LX-2493,
399,2017-10-15,KPPA,OAKN,921,1401,1446,272,480,,,480,343,480,,480,,,,,1,1,,,,1,301,1717,RNAV (RNP AR),DY-235,
400,2017-10-14,YARG,FNBC,1152,943,1451,270,1231,,,1231,501,1231,1231,,,,,,,,,,,,1365,569,VISUAL,FR-2263,
401,2017-10-05,NFTO,LTBF,991,90,1452,376,539,,,539,350,539,,539,,,,,1,,1,,,,372,1533,VISUAL,AF-3266,
402,2017-10-04,NVSH,ESTL,914,1381,1457,103,467,,,467,343,467,,467,,,,,1,,1,,,,2658,2381,ILS CAT III,DY-235,
403,2017-09-26,CZUM,VNDG,570,1023,1463,453,453,,,453,346,453,,453,,,,,1,1,,1,,,1140,1261,RNAV (RNP),LH-3603,
404,2017-09-24,UATR,PHTO,905,96,1468,301,631,,,631,354,631,631,,,,,,1,1,,1,,,2221,595,VISUAL,LH-3603,
405,2017-09-24,RJBT,ENNK,301,435,1470,455,134,,,134,134,134,,,134,,,,,,,,,,187,883,LOC,D8-2523,
406,2017-09-24,ZYBS,HLGT,524,1195,1470,96,671,,,671,345,671,671,,,,,,1,1,,,1,,1648,1666,RNAV (RNP),LH-3603,
407,2017-09-20,KDYL,LSZK,1025,544,1471,444,959,,,959,355,959,959,,,,,,,,,,,,487,120,VISUAL,DY-235,
408,2017-09-12,KHFD,KLTS,1370,1408,1476,27,38,,,38,38,38,,,38,,,,1,1,,,,1,327,819,RNAV (RNP),D8-2523,ETOPS familiarization
409,2017-09-12,MGQZ,UKLR,636,446,1486,476,1250,,,1250,529,1250,1250,,,,,,,,,,,,1723,1486,LOC,D8-2523,
410,2017-09-09,RJOI,WA77,556,322,1486,477,1206,,,1206,470,1206,1206,,,,,,1,,1,,,,1426,1444,ILS CAT III,AF-3266,
411,2017-09-09,ZLLN,ESGR,1050,138,1486,64,528,,,528,352,528,,528,,,,,1,,1,,,,431,20,ILS CAT III,LX-2493,
412,2017-08-26,CZLQ,LGSR,1114,934,1488,128,1260,,,1260,539,1260,1260,,,,,,1,1,,1,,,1898,1443,ILS CAT III,AF-3266,
413,2017-08-25,OPRQ,EDMV,240,1440,1490,234,1200,,,1200,472,1200,1200,,,,,,1,1,,1,,,1587,355,ILS CAT I,LX-2493,
414,2017-08-25,CYQZ,UOHH,1106,838,1491,28,1172,,,1172,455,1172,1172,,,,,,,,,,,,204,2130,ILS CAT III,DY-235,GEN off bus
415,2017-08-24,NK39,EGPF,1403,1340,1505,7,1377,1377,,,654,,1377,,,,,,1,1,,,1,,275,1935,VISUAL,FR-2263,Line Check
416,2017-08-20,NFTL,KCMI,640,213,1514,122,1013,,,1013,371,1013,1013,,,,,,,,,,,,250,1468,ILS CAT I,LH-3603,
417,2017-08-20,CYJF,LTDA,725,464,1514,345,1179,,,1179,460,1179,1179,,,,,,1,1,,,,1,2630,921,VISUAL,AF-3266,
418,2017-08-16,YYRM,KLHX,1318,720,1516,280,842,,,842,360,842,842,,,,,,,,,,,,1370,748,RNAV (RNP),LX-2493,
419,2017-08-14,NCRG,UIBB,522,514,1523,430,1432,,,1432,715,1432,1432,,,,,,1,,1,,,,1647,1686,VISUAL,FR-2263,
420,2017-08-13,ESGK,FDMS,167,175,1526,181,8,,,8,8,8,,,8,,,,1,,1,,,,43,2580,ILS CAT III,D8-2523,
421,2017-08-09,WARA,VTPL,203,1017,1528,466,814,,,814,356,814,814,,,,,,1,1,,1,,,67,1821,ILS CAT III,AF-3266,
422,2017-08-04,LGIR,SVCZ,814,343,1529,477,969,,,969,364,969,969,,,,,,1,1,,1,,,2312,1068,RNAV (RNP AR),FR-2263,
423,2017-08-04,CYDB,XIUW,697,403,1530,140,1146,,,1146,429,1146,1146,,,,,,1,1,,1,,,1547,573,RNAV (RNP AR),DY-235,
424,2017-08-03,PHLU,MO00,976,1192,1532,447,216,,,216,216,216,,,216,,,,1,1,,1,,,406,711,ILS CAT III,AF-3266,
425,2017-08-03,FNHU,LGTS,1045,789,1533,57,1184,,,1184,459,1184,1184,,,,,,1,1,,1,,,2541,182,RNAV (RNP),D8-2523,
426,2017-08-03,PATL,HECW,344,1250,1534,171,906,,,906,369,906,906,,,,,,1,1,,,1,,2796,2474,ILS CAT III,D8-2523,
427,2017-08-02,LEAL,CYHR,1043,271,1535,444,668,,,668,366,668,668,,,,,,1,1,,,1,,912,363,VISUAL,LH-3603,
428,2017-08-01,KSZL,VNBL,1102,221,1544,369,559,,,559,362,559,,559,,,,,1,1,,,,1,214,575,ILS CAT III,AF-3266,
429,2017-07-26,LIRN,LFBI,471,1429,1547,358,958,,,958,363,958,958,,,,,,1,,,,,,2086,2542,VISUAL,LH-3603,
430,2017-07-22,PATL,HHSB,579,747,1549,492,168,,,168,168,168,,,168,,,,1,,1,,,,2383,601,RNAV (RNP),AF-3266,
431,2017-07-19,SPCH,VEDG,397,391,1551,123,1434,,,1434,714,1434,1434,,,,,,1,,1,,,,265,132,VISUAL,FR-2263,
432,2017-07-11,YGEL,SAOD,1214,1077,1552,439,1303,,,1303,573,1303,1303,,,,,,1,1,,1,,,2075,2344,VOR/DME,FR-2263,
433,2017-07-11,EDTM,WIPA,851,77,1557,123,666,,,666,359,666,666,,,,,,1,1,,1,,,2880,2731,VISUAL,D8-2523,
434,2017-07-10,DAAT,EPIR,515,456,1566,169,1381,,,1381,654,1381,1381,,,,,,,,,,,,1187,1065,VISUAL,DY-235,
435,2017-06-26,LIMR,HLMB,696,214,1568,315,958,,,958,359,958,958,,,,,,1,1,,,1,,2094,64,VISUAL,FR-2263,
436,2017-06-25,KPVU,LIBN,580,937,1576,89,357,,,357,357,357,,,357,,,,,,,,,,2923,172,ILS CAT I,D8-2523,
437,2017-06-18,TVSU,CZWH,1204,508,1578,335,744,,,744,364,744,744,,,,,,1,1,,,,1,887,887,VISUAL,AF-3266,
438,2017-06-18,KHDN,EETN,149,1405,1579,433,1256,,,1256,532,1256,1256,,,,,,,,,,,,2999,1885,ILS CAT III,FR-2263,
439,2017-06-16,KSTC,FMMI,716,616,1582,59,1340,,,1340,620,1340,1340,,,,,,1,,1,,,,1727,612,VISUAL,AF-3266,
440,2017-06-15,CYMW,FZVA,1022,282,1585,265,700,,,700,359,700,700,,,,,,1,,1,,,,20,2569,ILS CAT III,LX-2493,
441,2017-06-12,EGER,KSME,1344,399,1585,405,495,,,495,361,495,,495,,,,,1,1,,1,,,1138,1138,ILS CAT III,LX-2493,
442,2017-06-12,KIYK,LTCO,1202,913,1585,458,1151,,,1151,430,1151,1151,,,,,,1,1,,1,,,655,1534,LOC,D8-2523,
443,2017-06-11,KTCM,LFMT,503,151,1587,377,1088,,,1088,366,1088,1088,,,,,,,,,,,,1585,1197,ILS CAT III,LX-2493,
444,2017-06-07,KEFD,KMKE,495,688,1592,317,193,,,193,193,193,,,193,,,,1,1,,,1,,1028,2398,VISUAL,DY-235,
445,2017-06-07,CYZY,HTAR,572,560,1594,41,1428,,,1428,706,1428,1428,,,,,,,,,,,,1895,2988,VISUAL,D8-2523,
446,2017-06-06,KFZG,LSEZ,1206,370,1606,424,604,,,604,357,604,604,,,,,,1,1,,,,1,1370,1822,ILS CAT III,DY-235,
447,2017-06-05,VAGO,SGAS,193,703,1608,426,510,,,510,358,510,,510,,,,,,,,,,,2158,1950,LOC/DME,FR-2263,
448,2017-06-05,SBMK,EDDR,235,633,1616,428,398,,,398,355,398,,,398,,,,1,,1,,,,2665,2203,ILS CAT III,LH-3603,
449,2017-06-02,LTFH,KHDO,1266,282,1618,134,456,,,456,360,456,,456,,,,,1,,1,,,,1687,2705,VOR/DME,DY-235,
450,2017-06-02,CZFM,WIHL,1170,167,1620,310,437,,,437,351,437,,437,,,,,1,1,,1,,,710,2477,ILS CAT I,LH-3603,
451,2017-05-26,CNH2,KBIX,749,104,1625,384,795,,,795,359,795,795,,,,,,1,1,,1,,,1339,2202,LOC/DME,LH-3603,
452,2017-05-26,CAW5,FWMG,1057,303,1633,457,686,,,686,358,686,686,,,,,,,,,,,,1261,2025,ILS CAT I,FR-2263,
453,2017-05-21,LGKM,BGCO,580,1021,1634,486,441,,,441,354,441,,441,,,,,1,1,,,1,,939,224,ILS CAT III,LH-3603,
454,2017-05-21,MMAA,RJNA,951,1306,1638,296,355,,,355,345,355,,,355,,,,,,,,,,224,1039,LOC/DME,LH-3603,
455,2017-05-20,NFVB,KCZG,1168,933,1643,347,1205,,,1205,483,1205,1205,,,,,,1,1,,,,1,714,1316,ILS CAT III,LX-2493,
456,2017-05-20,CJM9,VCCG,223,268,1647,310,45,,,45,45,45,,,45,,,,,,,,,,1066,417,NDB,AF-3266,
457,2017-05-19,VODG,LFHS,43,934,1647,374,891,,,891,350,891,891,,,,,,1,,1,,,,1151,1010,RNAV (RNP AR),AF-3266,
458,2017-05-15,EPWA,LFSB,391,937,1648,179,546,,,546,352,546,,546,,,,,1,,1,,,,1996,2191,VOR/DME,AF-3266,
459,2017-05-12,EGHP,LICR,172,1429,1649,411,1257,,,1257,531,1257,1257,,,,,,1,1,,1,,,2589,294,ILS CAT III,AF-3266,
460,2017-05-11,RKTN,TJAB,833,499,1653,463,1106,,,1106,371,1106,1106,,,,,,1,1,,1,,,319,677,RNAV (RNP AR),LH-3603,
461,2017-05-11,NTGE,ZGNN,647,843,1653,315,196,,,196,196,196,,,196,,,,,,,,,,2961,1752,VISUAL,D8-2523,
462,2017-05-10,KSBY,KBLF,478,686,1655,278,208,,,208,208,208,,,208,,,,1,1,,,1,,2060,2813,LOC/DME,LH-3603,
463,2017-05-10,SCRT,LOWZ,1294,523,1666,347,669,,,669,356,669,669,,,,,,,,,,,,2837,1523,VISUAL,DY-235,
464,2017-05-10,KSBS,OIBV,731,729,1669,367,1438,,,1438,717,1438,1438,,,,,,1,1,,,,1,1391,130,RNAV (RNP AR),LX-2493,
465,2017-05-07,ESSD,ESOH,842,638,1670,160,1236,,,1236,508,1236,1236,,,,,,,,,,,,1304,784,RNAV (RNP AR),LX-2493,
466,2017-05-07,FZJH,LSZC,808,491,1673,479,1123,,,1123,396,1123,1123,,,,,,1,,1,,,,1592,643,ILS CAT III,AF-3266,
467,2017-05-04,KMPO,ZUNC,1407,74,1676,208,107,,,107,107,107,,,107,,,,1,,1,,,,1364,666,LOC/DME,FR-2263,
468,2017-05-03,KUNV,OPNH,50,924,1681,385,874,,,874,355,874,874,,,,,,1,1,,1,,,2088,1339,VISUAL,FR-2263,
469,2017-05-02,MPCH,KABR,629,1109,1683,391,480,,,480,361,480,,480,,,,,1,1,,1,,,1432,1491,VOR/DME,DY-235,
470,2017-05-02,CYCR,FAPN,971,744,1685,7,1213,1213,,,493,,1213,,,,,,,,,,,,1476,964,ILS CAT III,D8-2523,Line Check
471,2017-05-02,SPJR,LGKS,702,23,1686,300,761,,,761,357,761,761,,,,,,1,1,,,1,,1822,2690,LOC/DME,FR-2263,
472,2017-04-27,AYVN,KPUW,1278,1051,1687,32,1213,,,1213,476,1213,1213,,,,,,,,,,,,2144,2749,ILS CAT III,AF-3266,GEN off bus
473,2017-04-27,FZQA,LIBV,34,508,1696,348,474,,,474,354,474,,474,,,,,1,1,,,,1,1516,527,VISUAL,AF-3266,
474,2017-04-24,CYYE,WARB,977,376,1706,471,839,,,839,357,839,839,,,,,,,,,,,,840,67,VISUAL,DY-235,
475,2017-04-17,EFVA,CYBQ,838,1202,1710,162,364,,,364,364,364,,,364,,,,1,,1,,,,1297,943,ILS CAT III,LH-3603,
476,2017-04-17,SPQU,FAAN,688,890,1716,76,202,,,202,202,202,,,202,,,,1,,1,,,,2014,1616,RNAV (RNP AR),AF-3266,
477,2017-04-11,EPGD,LIRL,359,473,1717,443,114,,,114,114,114,,,114,,,,1,1,,1,,,2341,2944,ILS CAT III,D8-2523,
478,2017-04-11,SPAY,EFKS,1061,959,1721,185,1338,,,1338,616,1338,1338,,,,,,1,1,,1,,,2510,2993,VISUAL,LX-2493,
479,2017-04-10,PANV,LFRG,560,1107,1723,415,547,,,547,363,547,,547,,,,,,,,,,,2855,1,NDB,D8-2523,
480,2017-04-09,SWGN,UKKH,403,47,1724,94,1084,,,1084,362,1084,1084,,,,,,1,1,,,1,,2496,2354,ILS CAT III,DY-235,
481,2017-04-07,NZNS,KTQK,1436,1316,1727,161,1320,,,1320,584,1320,1320,,,,,,,,,,,,1947,840,ILS CAT III,DY-235,
482,2017-04-07,HAAX,FBOR,600,236,1730,430,1076,,,1076,358,1076,1076,,,,,,1,1,,,,1,37,1795,ILS CAT III,D8-2523,
483,2017-04-04,RJTF,SYLT,375,789,1730,304,414,,,414,363,414,,414,,,,,,,,,,,1618,278,VISUAL,DY-235,
484,2017-04-04,HSTR,ENZV,138,945,1736,53,807,,,807,359,807,807,,,,,,1,,1,,,,2690,1370,ILS CAT III,D8-2523,
485,2017-04-04,KPSC,ZSLG,1159,279,1740,147,560,,,560,359,560,560,,,,,,1,,1,,,,792,2288,ILS CAT III,LH-3603,
486,2017-03-23,NTKA,KDMN,1074,118,1745,167,484,,,484,373,484,,484,,,,,1,1,,1,,,1165,890,LOC,D8-2523,
487,2017-03-23,DAAZ,DAOS,1335,1436,1746,139,101,,,101,101,101,,,101,,,,1,1,,1,,,2440,1053,RNAV (RNP),FR-2263,
488,2017-03-21,EKVD,CYFT,303,387,1752,151,84,,,84,84,84,,,84,,,,,,,,,,2767,786,ILS CAT I,D8-2523,
489,2017-03-21,KLAX,RCQC,976,1421,1757,381,445,,,445,360,445,,445,,,,,1,1,,,1,,1908,1942,VISUAL,AF-3266,
490,2017-03-19,UWKE,FBVM,44,698,1758,456,654,,,654,363,654,654,,,,,,,,,,,,288,1860,LOC/DME,AF-3266,
491,2017-03-17,FYLZ,LIPB,808,241,1769,474,873,,,873,366,873,873,,,,,,1,1,,,,1,2602,55,ILS CAT III,DY-235,
492,2017-03-12,VEAT,KCEU,1178,1227,1772,391,49,,,49,49,49,,,49,,,,,,,,,,2906,388,ILS CAT I,LH-3603,
493,2017-03-12,KGYR,UODN,13,879,1786,410,866,,,866,371,866,866,,,,,,1,,1,,,,1397,1397,ILS CAT III,D8-2523,
494,2017-03-11,KCBM,GUSI,1353,1082,1788,108,1169,,,1169,448,1169,1169,,,,,,1,,1,,,,988,557,ILS CAT III,LX-2493,
495,2017-03-06,KDFW,EPLL,583,247,1791,220,1104,,,1104,386,1104,1104,,,,,,1,1,,1,,,1214,1024,RNAV (RNP),AF-3266,
496,2017-03-02,YLIS,KEKM,153,1033,1795,293,880,,,880,366,880,880,,,,,,1,1,,1,,,114,2615,VISUAL,LH-3603,
497,2017-03-02,MUSJ,MDCZ,351,760,1796,392,409,,,409,375,409,,409,,,,,,,,,,,1,2602,ILS CAT III,D8-2523,
498,2017-03-01,EDMA,ZWSS,450,1290,1806,382,840,,,840,368,840,840,,,,,,1,1,,,1,,1795,2414,VISUAL,FR-2263,
499,2017-02-27,ZSQZ,PADE,838,1210,1811,387,372,,,372,372,372,,,372,,,,,,,,,,1745,1873,VISUAL,LX-2493,
500,2017-02-27,KDIK,LSMF,949,946,1811,410,1437,,,1437,717,1437,1437,,,,,,1,1,,,,1,902,2088,RNAV (RNP),LX-2493,
501,2017-02-27,KBKE,FCPL,1346,902,1821,494,996,,,996,376,996,996,,,,,,,,,,,,1414,1835,VISUAL,FR-2263,
502,2017-02-26,KFLV,LTBY,312,749,1821,402,437,,,437,371,437,,437,,,,,1,,1,,,,301,517,ILS CAT III,AF-3266,
503,2017-02-25,NVSO,KMCN,560,291,1822,494,1171,,,1171,436,1171,1171,,,,,,1,,1,,,,1246,362,ILS CAT III,D8-2523,
504,2017-02-25,YBDV,SULS,28,48,1835,375,20,,,20,20,20,,,20,,,,1,1,,1,,,673,114,ILS CAT III,DY-235,
505,2017-02-25,CZNG,FAWB,819,795,1845,338,1416,,,1416,696,1416,1416,,,,,,1,1,,1,,,340,45,ILS CAT III,DY-235,
506,2017-02-25,KSMN,WAWR,1169,1320,1847,350,151,,,151,151,151,,,151,,,,,,,,,,1643,79,ILS CAT III,DY-235,
507,2017-02-22,LFLB,HEAT,436,1125,1850,45,689,,,689,371,689,689,,,,,,1,1,,,1,,883,1314,ILS CAT III,D8-2523,
508,2017-02-19,EGPD,GQPT,1071,1422,1852,365,351,,,351,351,351,,,351,,,,,,,,,,106,1151,LOC,DY-235,
509,2017-02-19,SVMP,EPWR,1092,1011,1853,75,1359,,,1359,638,1359,1359,,,,,,1,1,,,,1,2818,885,ILS CAT III,LH-3603,
510,2017-02-18,EGFE,SATO,922,147,1860,57,665,,,665,374,665,665,,,,,,,,,,,,1514,2615,ILS CAT III,LX-2493,
511,2017-02-17,KAUW,WITC,946,1221,1867,24,275,,275,,275,,275,,,,,,1,,1,,,,2303,1912,VISUAL,LX-2493,Discretion used
512,2017-02-11,PAMK,SVGD,625,483,1873,283,1298,,,1298,577,1298,1298,,,,,,1,,1,,,,1772,646,RNAV (RNP),FR-2263,
513,2017-02-11,PASK,ZBAR,682,215,1875,472,973,,,973,377,973,973,,,,,,1,1,,1,,,111,2054,NDB,AF-3266,
514,2017-02-10,EPRA,LHKE,1096,614,1881,192,958,,,958,372,958,958,,,,,,1,1,,1,,,1956,310,VISUAL,DY-235,
515,2017-02-07,WIDD,CZUM,103,1139,1885,87,1036,,,1036,369,1036,1036,,,,,,1,1,,1,,,1655,295,RNAV (RNP),AF-3266,
516,2017-02-07,MGCB,UNIS,1236,1230,1891,263,1434,,,1434,717,1434,1434,,,,,,1,1,,1,,,2426,1724,RNAV (RNP),FR-2263,
517,2017-02-07,CBC7,YSHK,32,57,1892,352,25,,,25,25,25,,,25,,,,1,1,,1,,,440,1260,VISUAL,LX-2493,
518,2017-02-06,RCCM,KSHD,87,1434,1895,269,1347,,,1347,616,1347,1347,,,,,,1,1,,,1,,2989,889,VOR/DME,LH-3603,
519,2017-02-06,EGNX,LFPO,40,169,1898,277,129,,,129,129,129,,,129,,,,1,1,,,1,,1625,920,RNAV (RNP),D8-2523,
520,2017-01-28,YBMC,KGXY,716,953,1908,98,237,,,237,237,237,,,237,,,,1,1,,,,1,381,2796,VISUAL,AF-3266,
521,2017-01-28,VNCG,DAOB,1006,1012,1910,418,6,,,6,6,6,,,6,,,,1,,,,,,2481,1505,ILS CAT I,DY-235,
522,2017-01-28,ZMDN,FAKU,581,645,1912,60,64,,,64,64,64,,,64,,,,1,,1,,,,987,900,VISUAL,D8-2523,
523,2017-01-24,KBTR,MPOA,1037,780,1912,165,1183,,,1183,460,1183,1183,,,,,,1,,1,,,,2117,713,VISUAL,LX-2493,
524,2017-01-24,LSMP,VERK,1365,962,1923,275,1037,,,1037,369,1037,1037,,,,,,1,1,,1,,,2669,366,RNAV (RNP),LX-2493,
525,2017-01-24,KPNC,UAFW,371,266,1924,268,1335,,,1335,618,1335,1335,,,,,,1,1,,1,,,446,1535,VISUAL,D8-2523,
526,2017-01-23,DXNG,VECO,133,683,1925,334,550,,,550,366,550,,550,,,,,,,,,,,1279,2206,ILS CAT I,D8-2523,
527,2017-01-22,KIGX,LOGO,866,430,1927,177,1004,,,1004,374,1004,1004,,,,,,1,1,,,1,,229,1758,VOR/DME,DY-235,
528,2017-01-21,MRTR,CYQN,365,622,1931,308,257,,,257,257,257,,,257,,,,,,,,,,2870,1017,ILS CAT III,AF-3266,
529,2017-01-21,YPJT,SCBQ,698,24,1933,438,766,,,766,367,766,766,,,,,,1,1,,,,1,2705,346,ILS CAT III,LH-3603,
530,2017-01-21,KPAO,HKKL,1115,1027,1935,486,1352,,,1352,633,1352,1352,,,,,,,,,,,,1683,2503,ILS CAT I,AF-3266,
531,2017-01-18,LWSK,ENSS,1264,559,1942,112,735,,,735,366,735,735,,,,,,1,,1,,,,132,1323,ILS CAT III,D8-2523,
532,2017-01-18,EDDE,URML,757,1198,1942,253,441,,,441,367,441,,441,,,,,1,,1,,,,707,97,ILS CAT III,LH-3603,
533,2017-01-10,CYKD,CYST,224,138,1943,152,1354,,,1354,634,1354,1354,,,,,,1,1,,1,,,108,2334,ILS CAT III,DY-235,
534,2017-01-10,PANU,HEGS,1283,954,1947,446,1111,,,1111,397,1111,1111,,,,,,1,1,,1,,,406,2599,LOC,DY-235,
535,2017-01-09,VOCI,KHSA,41,763,1947,333,722,,,722,366,722,722,,,,,,,,,,,,711,9,LOC/DME,FR-2263,
536,2017-01-09,PAMM,LLHA,1130,1303,1950,420,173,,,173,173,173,,,173,,,,1,1,,,1,,420,688,RNAV (RNP AR),FR-2263,
537,2017-01-03,EDDW,MMCL,1192,6,1950,417,254,,,254,254,254,,,254,,,,,,,,,,1263,34,LOC/DME,AF-3266,
538,2016-12-24,CJM9,USKK,1378,909,1952,385,971,,,971,362,971,971,,,,,,1,1,,,,1,516,1407,VOR/DME,D8-2523,
539,2016-12-22,WAON,SBSV,1005,486,1954,450,921,,,921,352,921,921,,,,,,,,,,,,346,1532,RNAV (RNP),FR-2263,
540,2016-12-19,LFML,KBWI,811,803,1956,205,1432,,,1432,706,1432,1432,,,,,,1,,1,,,,1594,485,VISUAL,D8-2523,
541,2016-12-19,KK83,VOBL,918,620,1962,116,1142,,,1142,426,1142,1142,,,,,,1,,1,,,,718,1991,RNAV (RNP),LH-3603,
542,2016-12-18,KLKP,WMKK,677,1049,1962,42,372,,,372,348,372,,,372,,,,1,1,,1,,,131,1230,VISUAL,DY-235,
543,2016-12-17,KDNL,EKYT,264,683,1963,194,419,,,419,356,419,,419,,,,,1,1,,1,,,2728,2777,VISUAL,D8-2523,
544,2016-12-17,CYVT,VNBG,308,497,1965,364,189,,,189,189,189,,,189,,,,,,,,,,1261,1274,ILS CAT III,LH-3603,
545,2016-12-15,LTCL,ENBR,1192,1380,1975,357,188,,,188,188,188,,,188,,,,1,1,,,1,,778,237,ILS CAT III,LX-2493,
546,2016-12-12,KSPS,OEPA,341,297,1985,312,1396,,,1396,678,1396,1396,,,,,,,,,,,,1568,2086,NDB,LX-2493,
547,2016-12-06,YWLG,EDGE,1079,1157,1986,344,78,,,78,78,78,,,78,,,,1,1,,,,1,1248,2094,NDB,LH-3603,
548,2016-12-05,KHDI,LTAK,597,2,1989,163,845,,,845,352,845,845,,,,,,,,,,,,2288,1956,RNAV (RNP),D8-2523,
549,2016-12-02,CYAW,SARC,340,796,1990,302,456,456,,,351,,456,,,,,,1,,1,,,,2020,487,NDB,LX-2493,
550,2016-12-02,KUIN,HEGS,316,1275,1991,436,959,,,959,352,959,959,,,,,,1,,1,,,,2257,2257,VISUAL,LH-3603,
551,2016-12-02,KLGD,RCMT,180,1354,1991,265,1174,,,1174,461,1174,1174,,,,,,1,1,,1,,,1470,2890,ILS CAT III,DY-235,
552,2016-12-01,SWGI,UWOO,1133,996,1995,318,1303,,,1303,583,1303,1303,,,,,,1,1,,1,,,2341,805,NDB,LH-3603,
553,2016-11-28,MYAS,KOAR,501,1070,1996,329,569,,,569,354,569,569,,,,,,,,,,,,2785,892,VISUAL,D8-2523,
554,2016-11-28,HKAM,EDCM,1214,480,2006,275,706,,,706,345,706,706,,,,,,1,1,,,1,,1935,2312,VISUAL,DY-235,
555,2016-11-23,KSCK,KLAF,1416,604,2014,465,628,,,628,353,628,628,,,,,,,,,,,,1549,516,VISUAL,LX-2493,
556,2016-11-23,KTCM,HKSB,506,593,2020,368,87,,,87,87,87,,,87,,,,1,1,,,,1,2582,111,ILS CAT III,LH-3603,
557,2016-11-22,LDZD,EGXC,434,1386,2025,406,952,,,952,345,952,952,,,,,,,,,,,,1991,330,ILS CAT III,LH-3603,
558,2016-11-19,SKRH,MUPR,1255,566,2026,418,751,,,751,349,751,751,,,,,,1,,1,,,,1534,2105,RNAV (RNP AR),LH-3603,
559,2016-11-19,CYHY,OITR,830,568,2030,98,1178,,,1178,461,1178,1178,,,,,,1,,1,,,,1947,1845,VISUAL,FR-2263,
560,2016-11-16,KWVI,SBTD,273,177,2034,456,1344,,,1344,622,1344,1344,,,,,,1,1,,1,,,1850,397,RNAV (RNP),FR-2263,
561,2016-11-16,KHIF,ROIG,475,171,2037,60,1136,,,1136,422,1136,1136,,,,,,1,1,,1,,,794,1009,VISUAL,LX-2493,
562,2016-10-26,MUSS,EGMC,791,349,2041,156,998,,,998,346,998,998,,,,,,,,,,,,224,495,RNAV (RNP),DY-235,
563,2016-10-26,CEB3,LLES,976,1244,2041,356,268,,,268,268,268,,,268,,,,1,1,,,1,,1,2326,VISUAL,AF-3266,
564,2016-10-26,KSPW,VIAX,10,752,2042,407,742,,,742,344,742,742,,,,,,,,,,,,172,1927,VISUAL,D8-2523,
565,2016-10-22,RPVZ,PHSF,909,1136,2046,169,227,,,227,227,227,,,227,,,,1,1,,,,1,2250,2752,ILS CAT III,LH-3603,
566,2016-10-22,UDYZ,EDVN,1405,849,2048,443,884,,,884,341,884,884,,,,,,,,,,,,45,2865,RNAV (RNP),LX-2493,
567,2016-10-21,EDRF,DNPO,42,388,2054,454,346,,,346,342,346,,,346,,,,1,,1,,,,1788,1716,NDB,FR-2263,
568,2016-10-21,LOWS,UODD,865,301,2058,203,876,,,876,341,876,876,,,,,,1,,1,,,,517,2468,VISUAL,LH-3603,
569,2016-10-15,RPMF,CYMM,840,818,2059,73,1418,,,1418,685,1418,1418,,,,,,1,1,,1,,,475,1414,ILS CAT III,LX-2493,
570,2016-10-15,KSAV,KMKY,1099,1295,2060,479,196,,,196,196,196,,,196,,,,1,1,,1,,,2392,2048,RNAV (RNP),FR-2263,
571,2016-10-15,KBGM,VYME,26,25,2061,318,1439,,,1439,721,1439,1439,,,,,,,,,,,,2279,1340,VOR/DME,AF-3266,
572,2016-10-15,FYOW,LAKV,339,813,2075,422,474,,,474,343,474,,474,,,,,1,1,,,1,,1852,2084,VISUAL,D8-2523,
573,2016-10-13,KOMA,FMMU,940,940,2077,282,1440,,,1440,721,1440,1440,,,,,,,,,,,,1585,224,LOC,LH-3603,
574,2016-10-13,KJXN,FMMR,495,1437,2079,443,942,,,942,347,942,942,,,,,,1,1,,,,1,34,634,ILS CAT I,DY-235,
575,2016-10-11,SBTD,WSAP,594,773,2083,371,179,,,179,179,179,,,179,,,,,,,,,,1142,2163,LOC/DME,DY-235,
576,2016-10-07,PAEM,LTBS,467,371,2084,140,1344,,,1344,627,1344,1344,,,,,,1,,1,,,,94,1989,RNAV (RNP),LH-3603,
577,2016-10-02,VEJT,LEPA,545,1049,2086,494,504,,,504,345,504,,504,,,,,1,,1,,,,2314,229,RNAV (RNP),LX-2493,
579,2016-10-01,RJSN,KMEM,563,1245,2088,401,682,,,682,346,682,682,,,,,,1,1,,1,,,569,370,NDB,LX-2493,
580,2016-10-01,PAEL,LTAZ,420,988,2091,467,568,,,568,350,568,568,,,,,,1,1,,1,,,936,2311,VISUAL,DY-235,
581,2016-09-27,MYEB,KVGT,122,479,2094,71,357,,,357,357,357,,,357,,,,,,,,,,1201,1579,ILS CAT I,DY-235,
582,2016-09-27,SNDT,ESSA,108,502,2096,353,394,,,394,348,394,,,394,,,,1,1,,,1,,1371,250,ILS CAT I,DY-235,
583,2016-09-25,EGVA,EGGW,345,591,2100,393,246,,,246,246,246,,,246,,,,,,,,,,1633,235,RNAV (RNP AR),AF-3266,
584,2016-09-17,USNN,SBBT,1199,577,2105,17,818,,,818,351,818,818,,,,,,1,1,,,,1,943,1721,ILS CAT III,DY-235,Discretion used
585,2016-09-15,ENSN,EDBG,314,283,2115,345,1409,,,1409,684,1409,1409,,,,,,,,,,,,2477,369,ILS CAT I,FR-2263,
586,2016-09-12,KBQK,KARA,945,1175,2117,469,230,,,230,230,230,,,230,,,,1,,1,,,,2512,2638,ILS CAT III,D8-2523,
587,2016-09-12,VABV,MRPM,184,1057,2121,415,873,,,873,354,873,873,,,,,,1,,1,,,,2414,814,ILS CAT III,LX-2493,
588,2016-09-12,PAWR,LTAE,263,193,2123,149,1370,,,1370,651,1370,1370,,,,,,1,1,,1,,,1001,2989,ILS CAT III,AF-3266,
589,2016-09-09,UAFL,ESPA,176,279,2125,134,103,,,103,103,103,,,103,,,,1,1,,1,,,965,326,RNAV (RNP),LH-3603,
590,2016-09-09,PAMB,ULLS,1168,1137,2130,463,1409,,,1409,691,1409,1409,,,,,,,,,,,,764,2755,ILS CAT I,AF-3266,
591,2016-08-26,KSAN,KLBF,430,147,2144,166,1157,,,1157,432,1157,1157,,,,,,1,1,,,1,,47,291,LOC/DME,AF-3266,
592,2016-08-26,KFBR,EFOU,1372,476,2147,238,544,,,544,361,544,,544,,,,,,,,,,,636,778,RNAV (RNP),FR-2263,
593,2016-08-25,KSFF,UWGG,778,1181,2149,87,403,,,403,358,403,,,403,,,,1,1,,,,1,955,2657,ILS CAT III,FR-2263,
594,2016-08-22,ZGSD,KRKR,1131,926,2158,341,1235,,,1235,501,1235,1235,,,,,,,,,,,,1451,918,RNAV (RNP),AF-3266,
595,2016-08-22,NCMR,FAMG,506,466,2158,401,1400,,,1400,683,1400,1400,,,,,,1,,1,,,,1138,193,LOC/DME,DY-235,
596,2016-08-18,KRWL,OIBP,651,976,2158,83,325,,,325,325,325,,,325,,,,1,,1,,,,2442,1655,ILS CAT III,FR-2263,
597,2016-08-13,MYRD,CZFN,729,654,2163,411,1365,,,1365,636,1365,1365,,,,,,1,1,,1,,,856,2669,ILS CAT III,FR-2263,
598,2016-08-13,FNCP,ESKV,790,567,2168,380,1217,,,1217,491,1217,1217,,,,,,1,1,,1,,,2837,1638,ILS CAT III,LH-3603,
599,2016-08-12,CYMX,EGHI,581,1283,2190,383,702,,,702,365,702,702,,,,,,,,,,,,1443,1212,VISUAL,D8-2523,
600,2016-08-08,HKGA,LIPZ,103,668,2191,191,565,,,565,362,565,565,,,,,,1,1,,,1,,2079,908,ILS CAT III,LX-2493,
601,2016-08-08,EDQT,EFKI,534,238,2197,337,1144,,,1144,417,1144,1144,,,,,,,,,,,,2077,1283,RNAV (RNP),LX-2493,
602,2016-08-07,NSFA,MUTD,201,659,2202,277,458,,,458,370,458,,458,,,,,1,1,,,,1,2921,1673,ILS CAT I,LX-2493,
603,2016-08-07,KCVS,UATR,566,1006,2203,413,440,,,440,361,440,,440,,,,,,,,,,,1582,2653,ILS CAT III,LH-3603,
604,2016-08-06,FBVM,ETIC,719,642,2206,487,1363,,,1363,636,1363,1363,,,,,,1,,1,,,,1526,2213,ILS CAT III,LX-2493,
605,2016-08-02,SCCF,UKLN,821,1316,2210,378,495,,,495,364,495,,495,,,,,1,,1,,,,1821,1030,ILS CAT III,LX-2493,
606,2016-07-24,HHMS,SBPL,1367,995,2213,137,1068,,,1068,363,1068,1068,,,,,,1,1,,1,,,1422,1422,ILS CAT III,LH-3603,
607,2016-07-11,LFGF,LGSK,361,238,2213,189,1317,,,1317,590,1317,1317,,,,,,1,1,,1,,,399,37,ILS CAT III,AF-3266,
608,2016-07-10,KBDE,OYBA,782,260,2216,431,918,,,918,365,918,918,,,,,,1,1,,1,,,1758,2115,RNAV (RNP),DY-235,
609,2016-07-09,EGNT,LFRN,455,213,2221,468,1198,,,1198,470,1198,1198,,,,,,1,1,,1,,,1730,2496,ILS CAT I,AF-3266,
610,2016-07-07,KPIR,RJNK,966,505,2231,451,979,,,979,363,979,979,,,,,,1,1,,1,,,1845,1585,ILS CAT I,D8-2523,
611,2016-07-06,VEGY,EDRI,921,1174,2237,351,253,,,253,253,253,,,253,,,,1,1,,,1,,659,1924,LOC,FR-2263,
612,2016-07-05,KHTL,OMSJ,239,1195,2238,445,956,,,956,364,956,956,,,,,,1,1,,,1,,1274,899,ILS CAT III,D8-2523,
613,2016-07-02,SKGI,HAGN,390,1049,2250,404,659,,,659,363,659,659,,,,,,1,1,,,,1,391,137,ILS CAT I,LH-3603,
614,2016-06-28,ZBZL,HKUK,570,480,2257,142,1350,,,1350,620,1350,1350,,,,,,1,,,,,,1685,2481,LOC/DME,LX-2493,
615,2016-06-25,KMTP,CYWH,228,912,2258,197,684,,,684,366,684,684,,,,,,1,,1,,,,2381,1585,LOC/DME,LH-3603,
616,2016-06-25,FLMG,LICJ,1328,102,2263,308,214,,,214,214,214,,,214,,,,1,,1,,,,2780,2814,ILS CAT III,FR-2263,
617,2016-06-25,KRIF,LHDC,423,122,2277,402,1139,,,1139,417,1139,1139,,,,,,1,1,,1,,,285,971,VISUAL,FR-2263,
618,2016-06-24,RJCN,GMME,564,16,2279,445,892,,,892,353,892,892,,,,,,1,1,,1,,,1912,1214,LOC,LX-2493,
619,2016-06-24,CYGO,HLLB,324,969,2288,406,645,,,645,361,645,645,,,,,,,,,,,,1018,1933,LOC,AF-3266,
620,2016-06-24,PACV,ZUZY,965,5,2300,304,480,,,480,356,480,,480,,,,,1,1,,,1,,2158,2149,NDB,LH-3603,
621,2016-06-23,EGHJ,KCLT,281,1148,2303,231,867,,,867,361,867,867,,,,,,,,,,,,557,319,ILS CAT III,LX-2493,
622,2016-06-23,KSAF,OMAD,1257,1283,2311,456,26,,,26,26,26,,,26,,,,1,1,,,,1,692,1991,VISUAL,D8-2523,
623,2016-06-18,KTIW,LFBE,434,258,2312,109,1264,,,1264,541,1264,1264,,,,,,,,,,,,2677,1146,ILS CAT III,LH-3603,
624,2016-06-17,SSHS,FZIC,532,1196,2314,324,664,,,664,360,664,664,,,,,,1,,1,,,,2337,406,ILS CAT III,LH-3603,
625,2016-06-16,ESUT,ZWWW,24,1019,2316,369,995,,,995,354,995,995,,,,,,1,,1,,,,1716,192,ILS CAT III,FR-2263,
626,2016-06-16,EDKO,VGSD,1286,534,2317,456,688,,,688,354,688,688,,,,,,1,1,,1,,,595,895,ILS CAT I,LX-2493,
627,2016-06-15,FOOG,MMHO,1365,1429,2326,276,64,,,64,64,64,,,64,,,,1,1,,1,,,2833,1388,VISUAL,AF-3266,
628,2016-06-15,ZMKD,ESPE,493,398,2334,186,1345,,,1345,614,1345,1345,,,,,,,,,,,,1224,1108,RNAV (RNP AR),DY-235,
629,2016-06-12,NVSU,BGCH,543,20,2334,477,917,,,917,351,917,917,,,,,,1,1,,,1,,2206,2636,VISUAL,D8-2523,
630,2016-06-12,UT25,RKSI,274,649,2337,318,375,,,375,349,375,,,375,,,,,,,,,,576,2524,RNAV (RNP),FR-2263,
631,2016-06-10,KRVS,FAGG,1357,1057,2337,265,1140,,,1140,420,1140,1140,,,,,,1,1,,,,1,2948,1670,VISUAL,LH-3603,
632,2016-06-08,UKLI,HKMY,554,15,2341,195,901,,,901,354,901,901,,,,,,,,,,,,889,1592,ILS CAT III,LX-2493,
633,2016-06-07,KSNA,KINT,743,1162,2341,127,419,,,419,362,419,,419,,,,,1,,1,,,,2096,2720,VISUAL,LH-3603,
634,2016-06-07,PAGG,EFSA,382,794,2344,23,412,,412,,355,,412,,,,,,1,,1,,,,2994,1170,ILS CAT III,D8-2523,Discretion used
635,2016-06-07,MMDO,OIKK,159,264,2344,228,105,,,105,105,105,,,105,,,,1,1,,1,,,1457,1696,VOR/DME,FR-2263,
636,2016-06-05,KCNW,EDAD,408,1337,2354,279,929,,,929,359,929,929,,,,,,1,1,,1,,,2334,794,LOC,AF-3266,
637,2016-06-03,PTRO,SBBU,490,172,2361,243,1122,,,1122,389,1122,1122,,,,,,,,,,,,1670,285,ILS CAT III,AF-3266,
638,2016-06-03,KLRU,YPKU,390,893,2372,326,503,,,503,352,503,,503,,,,,1,1,,,1,,2125,2948,RNAV (RNP),LX-2493,
639,2016-06-01,CYEE,FAMG,330,462,2381,153,132,,,132,132,132,,,132,,,,,,,,,,1382,410,RNAV (RNP AR),FR-2263,
640,2016-05-26,EIKN,LBPL,312,49,2383,101,1177,,,1177,451,1177,1177,,,,,,1,1,,,,1,2926,718,VISUAL,AF-3266,
641,2016-05-25,UAAA,LSZP,1379,1319,2385,379,1380,,,1380,650,1380,1380,,,,,,,,,,,,2168,2077,VISUAL,AF-3266,
642,2016-05-22,KSBP,GCRR,587,827,2392,471,240,,,240,240,240,,,240,,,,1,,1,,,,1853,1216,VISUAL,LH-3603,
643,2016-05-22,LYVR,EGBG,925,800,2398,303,1315,,,1315,586,1315,1315,,,,,,1,,1,,,,1486,1547,ILS CAT III,D8-2523,
644,2016-05-22,KGRI,WAVD,337,81,2406,306,1184,,,1184,468,1184,1184,,,,,,1,1,,1,,,432,1,RNAV (RNP),D8-2523,
645,2016-05-21,SWKO,SAZP,95,1061,2408,473,966,,,966,359,966,966,,,,,,1,1,,1,,,892,2344,RNAV (RNP),D8-2523,
646,2016-05-21,KPAO,YBWX,972,719,2409,286,1187,,,1187,472,1187,1187,,,,,,,,,,,,747,655,VOR/DME,D8-2523,
647,2016-05-19,KLAN,FQVL,539,1087,2414,34,548,,,548,355,548,,548,,,,,1,1,,,1,,2465,47,LOC/DME,LX-2493,
648,2016-05-18,FARB,CYXK,1415,65,2415,48,90,,,90,90,90,,,90,,,,,,,,,,116,14,ILS CAT III,LH-3603,
649,2016-05-18,PAAQ,VVNB,173,690,2421,480,517,,,517,352,517,,517,,,,,1,1,,,,1,244,183,ILS CAT III,D8-2523,
650,2016-05-16,BGNT,KBLH,309,63,2426,1,1194,1194,,,464,,1194,,,,,,,,,,,,948,988,LOC/DME,LX-2493,Line Check
651,2016-05-14,KFOE,VOSM,946,963,2428,152,17,,,17,17,17,,,17,,,,1,,1,,,,1791,1246,ILS CAT III,LH-3603,
652,2016-05-09,MRPM,MPBO,615,101,2430,377,926,,,926,360,926,926,,,,,,1,,1,,,,97,204,NDB,DY-235,
653,2016-05-09,URMN,VNMA,792,276,2430,320,924,,,924,349,924,924,,,,,,1,1,,1,,,1323,1736,VOR/DME,FR-2263,
654,2016-05-06,ZULZ,PAEH,333,1001,2438,323,668,,,668,356,668,668,,,,,,1,1,,1,,,1566,1470,VISUAL,AF-3266,
655,2016-04-27,LIPR,KHAO,905,1017,2440,366,112,,,112,112,112,,,112,,,,,,,,,,713,2476,ILS CAT III,LH-3603,
656,2016-04-27,KCNO,FMSR,90,1262,2442,70,1172,,,1172,454,1172,1172,,,,,,1,1,,,1,,1736,1653,ILS CAT III,LX-2493,
657,2016-04-24,VTCP,LIRI,204,1335,2445,303,1131,,,1131,402,1131,1131,,,,,,,,,,,,1170,2926,ILS CAT III,LX-2493,
658,2016-04-21,NCAI,CZFD,1125,1243,2452,411,118,,,118,118,118,,,118,,,,1,1,,,,1,1470,1947,ILS CAT III,D8-2523,
659,2016-04-21,EGWC,EGHN,1126,476,2465,10,790,,790,,356,,790,,,,,,,,,,,,784,2630,VOR/DME,FR-2263,Go-Around
660,2016-04-21,AYMH,EPRZ,261,1115,2465,284,854,,,854,350,854,854,,,,,,1,,1,,,,1942,1950,LOC,DY-235,
661,2016-04-20,SMDA,EGHE,347,1153,2468,478,806,,,806,359,806,806,,,,,,1,,1,,,,964,2117,ILS CAT I,LX-2493,
662,2016-04-20,KPSX,WIOK,213,121,2474,357,1348,,,1348,631,1348,1348,,,,,,1,1,,1,,,2713,2541,LOC,DY-235,
663,2016-04-18,KJAN,DABC,1122,152,2476,253,470,,,470,358,470,,470,,,,,1,1,,1,,,1963,432,VISUAL,AF-3266,
664,2016-04-18,ZLJC,FTTY,665,1112,2477,99,447,,,447,355,447,,447,,,,,,,,,,,1975,1925,VISUAL,LX-2493,
665,2016-04-13,KEWK,ZMKD,1280,456,2477,218,616,,,616,357,616,616,,,,,,1,1,,,1,,2501,27,ILS CAT III,LX-2493,
666,2016-04-11,EIBN,KAWO,58,534,2481,378,476,,,476,365,476,,476,,,,,,,,,,,334,747,RNAV (RNP),DY-235,
667,2016-04-11,KROW,EDDC,254,1227,2481,300,973,,,973,363,973,973,,,,,,1,1,,,,1,330,1647,LOC,D8-2523,
668,2016-04-08,SBOI,KIAG,902,230,2496,69,768,,,768,364,768,768,,,,,,,,,,,,2025,1255,ILS CAT III,D8-2523,
669,2016-04-08,KCOT,UTDL,273,606,2497,388,333,,,333,333,333,,,333,,,,1,,1,,,,1438,948,VISUAL,DY-235,
670,2016-04-07,VVPK,EKVJ,739,908,2501,377,169,,,169,169,169,,,169,,,,1,,1,,,,1122,1730,RNAV (RNP),LH-3603,
671,2016-04-06,CYLL,OIIA,1074,15,2503,369,381,,,381,357,381,,,381,,,,1,1,,1,,,162,1587,RNAV (RNP AR),D8-2523,
672,2016-04-05,WA98,LTAF,74,172,2508,487,98,,,98,98,98,,,98,,,,1,1,,1,,,1401,714,VISUAL,DY-235,
673,2016-04-03,EGCJ,KIOW,770,573,2510,400,1243,,,1243,514,1243,1243,,,,,,,,,,,,597,1426,VOR/DME,D8-2523,
674,2016-04-03,PAFB,FQSG,436,1342,2512,416,906,,,906,366,906,906,,,,,,1,1,,,1,,1505,1073,ILS CAT III,DY-235,
675,2016-03-23,HLGD,DFFD,98,140,2515,313,42,,,42,42,42,,,42,,,,,,,,,,1411,1476,RNAV (RNP AR),DY-235,
676,2016-03-22,EGBO,DAOL,83,497,2524,464,414,,,414,365,414,,414,,,,,1,1,,,,1,2041,2144,VISUAL,D8-2523,
677,2016-03-16,KSBD,OIKR,831,1367,2526,478,536,,,536,367,536,,536,,,,,,,,,,,2465,2121,VISUAL,DY-235,
678,2016-03-16,SWPY,LFTU,678,363,2532,364,1125,,,1125,403,1125,1125,,,,,,1,,1,,,,2720,2837,ILS CAT III,AF-3266,
679,2016-03-12,CZRJ,UNKS,735,1171,2533,459,436,,,436,364,436,,436,,,,,1,,1,,,,2190,44,ILS CAT I,LX-2493,
680,2016-03-09,WAML,LEVC,555,110,2541,437,995,,,995,363,995,995,,,,,,1,1,,1,,,2468,2197,VISUAL,D8-2523,
681,2016-03-06,KMER,WRLA,1229,430,2542,384,641,,,641,368,641,641,,,,,,1,1,,1,,,1038,698,NDB,AF-3266,
682,2016-03-06,KFET,WIOO,921,1063,2543,133,142,,,142,142,142,,,142,,,,,,,,,,2100,2147,ILS CAT III,D8-2523,
683,2016-03-03,KIAB,OPLA,207,966,2555,481,759,,,759,371,759,759,,,,,,1,1,,,1,,2398,1365,NDB,LX-2493,
684,2016-02-28,YBAS,UIBS,209,315,2562,359,106,,,106,106,106,,,106,,,,,,,,,,605,818,NDB,AF-3266,
685,2016-02-20,EDAN,SANL,147,1139,2569,146,992,,,992,373,992,992,,,,,,1,1,,,,1,2752,1451,ILS CAT III,DY-235,
686,2016-02-13,LILM,EDXW,11,1064,2580,349,1053,,,1053,372,1053,1053,,,,,,,,,,,,1283,1954,NDB,D8-2523,
687,2016-02-11,SBTU,HKBA,1305,773,2582,108,908,,,908,373,908,908,,,,,,1,,1,,,,713,1304,VISUAL,DY-235,
688,2016-02-07,RPVA,KNID,685,393,2589,399,1148,,,1148,413,1148,1148,,,,,,1,,1,,,,2344,597,NDB,LH-3603,
689,2016-02-05,GQPZ,OOTH,229,17,2599,492,1228,,,1228,507,1228,1228,,,,,,1,1,,1,,,2147,2334,VISUAL,FR-2263,
690,2016-02-02,MHNJ,KGNV,1264,1042,2602,442,1218,,,1218,494,1218,1218,,,,,,1,1,,1,,,2197,1723,VISUAL,DY-235,
691,2016-02-02,CYPY,OEJB,335,1354,2615,341,1019,,,1019,376,1019,1019,,,,,,,,,,,,1721,2026,ILS CAT III,FR-2263,
692,2016-01-25,KGVL,OPRQ,411,819,2615,372,408,,,408,367,408,,408,,,,,1,1,,,1,,182,2216,ILS CAT III,LH-3603,
693,2016-01-23,CZFN,LFLB,557,868,2630,350,311,,,311,311,311,,,311,,,,,,,,,,2772,1995,ILS CAT I,LH-3603,
694,2016-01-21,OESH,EDSB,4,1014,2636,472,1010,,,1010,367,1010,1010,,,,,,1,1,,,,1,1579,1336,LOC/DME,FR-2263,
695,2016-01-08,MNWP,SCCL,1165,437,2638,209,712,,,712,369,712,712,,,,,,,,,,,,2580,1117,RNAV (RNP AR),LX-2493,
696,2016-01-08,PAWT,WMSA,1437,1109,2642,453,1112,,,1112,400,1112,1112,,,,,,1,,1,,,,192,2999,LOC/DME,AF-3266,
697,2016-01-06,EFHM,EDDE,1299,757,2648,443,898,,,898,364,898,898,,,,,,1,,1,,,,295,2589,ILS CAT III,LH-3603,
698,2016-01-05,RJBH,MMZP,909,491,2653,86,1022,,,1022,360,1022,1022,,,,,,1,1,,1,,,814,409,ILS CAT III,LX-2493,
699,2016-01-05,MMMM,LRCT,1267,734,2657,193,907,,,907,367,907,907,,,,,,1,1,,1,,,900,1898,VISUAL,AF-3266,
700,2015-12-25,LRAR,LFSQ,441,1058,2658,461,617,,,617,358,617,617,,,,,,1,1,,1,,,2979,2677,ILS CAT III,AF-3266,
701,2015-12-20,WAOO,SEQM,427,1268,2662,293,841,,,841,353,841,841,,,,,,1,1,,1,,,278,1490,RNAV (RNP),AF-3266,
702,2015-12-20,K3R9,UAFO,734,290,2665,85,996,,,996,359,996,996,,,,,,1,1,,1,,,2048,1,VISUAL,D8-2523,
703,2015-12-19,ESCM,KRWI,1191,597,2665,481,846,,,846,358,846,846,,,,,,1,1,,,1,,890,1912,RNAV (RNP AR),DY-235,
704,2015-12-19,KPWA,VARG,1248,1108,2668,233,1300,,,1300,583,1300,1300,,,,,,1,1,,,1,,2884,1099,RNAV (RNP AR),LH-3603,
705,2015-12-09,TLPL,KASE,1080,1200,2669,266,120,,,120,120,120,,,120,,,,1,1,,,,1,2237,2842,VISUAL,FR-2263,
706,2015-12-09,KMCW,USHS,1384,14,2675,50,70,,,70,70,70,,,70,,,,1,,,,,,1064,2210,RNAV (RNP),FR-2263,
707,2015-12-09,OPRT,FAGG,105,1222,2677,268,1117,,,1117,388,1117,1117,,,,,,1,,1,,,,2636,1772,ILS CAT III,LX-2493,
708,2015-12-07,EHSB,KHNZ,1073,943,2690,165,1310,,,1310,584,1310,1310,,,,,,1,,1,,,,91,551,LOC/DME,DY-235,
709,2015-12-07,URKK,SWOB,1294,301,2690,205,447,,,447,352,447,,447,,,,,1,1,,1,,,1062,2884,VISUAL,LX-2493,
710,2015-12-07,CYPG,VOAT,1364,1188,2701,487,1264,,,1264,547,1264,1264,,,,,,1,1,,1,,,1490,2075,VISUAL,LH-3603,
711,2015-12-07,PAJN,ZLSN,863,884,2702,403,21,,,21,21,21,,,21,,,,,,,,,,830,2341,VISUAL,LX-2493,
712,2015-12-01,SEMX,KABI,46,866,2705,294,820,,,820,353,820,820,,,,,,1,1,,,1,,1616,1201,ILS CAT III,FR-2263,
713,2015-12-01,KF70,VOCI,147,334,2707,301,187,,,187,187,187,,,187,,,,,,,,,,1986,91,ILS CAT III,AF-3266,
714,2015-12-01,KBCE,ENHV,672,1157,2713,460,485,,,485,349,485,,485,,,,,1,1,,,,1,1204,1235,ILS CAT I,DY-235,
715,2015-11-27,YSTW,USMQ,1391,132,2715,321,181,,,181,181,181,,,181,,,,,,,,,,2648,2006,ILS CAT III,AF-3266,
716,2015-11-27,OSKL,ZWKL,927,1064,2719,255,137,,,137,137,137,,,137,,,,1,,1,,,,947,2317,ILS CAT I,LX-2493,
717,2015-11-22,KADW,EGLM,1000,658,2720,407,1098,,,1098,379,1098,1098,,,,,,1,,1,,,,2481,1486,VISUAL,LX-2493,
718,2015-11-17,MRST,MPLP,325,1401,2722,7,1076,1076,,,352,,1076,,,,,,1,1,,1,,,2115,1576,ILS CAT III,LX-2493,Go-Around
719,2015-11-17,CYNE,OPFA,78,1391,2722,339,1313,,,1313,597,1313,1313,,,,,,1,1,,1,,,2006,399,ILS CAT I,LH-3603,
720,2015-11-15,CNK4,HSDZ,1094,114,2728,456,460,,,460,343,460,,460,,,,,,,,,,,2971,1947,ILS CAT III,DY-235,
721,2015-11-14,OIKP,MMPB,1401,8,2731,320,47,,,47,47,47,,,47,,,,1,1,,,1,,36,2789,LOC/DME,D8-2523,
722,2015-11-14,KBOW,CYPN,609,951,2749,162,342,,,342,342,342,,,342,,,,,,,,,,1137,1380,RNAV (RNP AR),AF-3266,
723,2015-11-14,CBF7,WAOS,746,138,2751,323,832,,,832,345,832,832,,,,,,1,1,,,,1,2354,446,VISUAL,FR-2263,
724,2015-11-05,ESKV,EGAA,1313,190,2752,482,317,,,317,317,317,,,317,,,,,,,,,,357,2510,ILS CAT III,AF-3266,
725,2015-10-24,RCFN,SYAN,591,1171,2755,300,580,,,580,341,580,580,,,,,,1,,1,,,,875,1910,RNAV (RNP),LX-2493,
726,2015-10-24,KTOA,ZBSH,236,1337,2756,419,1101,,,1101,388,1101,1101,,,,,,1,,1,,,,2814,1727,VISUAL,AF-3266,
727,2015-10-19,NTMP,KGUY,1355,808,2767,57,893,,,893,352,893,893,,,,,,1,1,,1,,,646,1608,LOC/DME,DY-235,
728,2015-10-19,HAGR,EFHA,1173,629,2772,376,896,,,896,341,896,896,,,,,,1,1,,1,,,2054,1488,ILS CAT I,FR-2263,
729,2015-10-18,PFKW,MMVA,719,966,2777,401,247,,,247,247,247,,,247,,,,,,,,,,1187,1850,NDB,LH-3603,
730,2015-10-18,PASO,FAMN,250,706,2780,141,456,,,456,344,456,,456,,,,,1,1,,,1,,2995,94,LOC,AF-3266,
731,2015-10-18,CYQZ,HKEM,1091,353,2785,324,702,,,702,347,702,702,,,,,,,,,,,,355,1224,VISUAL,AF-3266,
732,2015-10-16,LICD,MYNN,587,535,2789,233,1388,,,1388,661,1388,1388,,,,,,1,1,,,,1,2515,2989,RNAV (RNP),AF-3266,
733,2015-10-16,KACT,VABM,1240,755,2790,118,955,,,955,346,955,955,,,,,,,,,,,,1230,2893,ILS CAT III,FR-2263,
734,2015-10-12,ENOV,LEVD,109,969,2796,190,860,,,860,342,860,860,,,,,,1,,1,,,,388,2713,ILS CAT I,D8-2523,
735,2015-10-10,FZEN,USHB,1258,1350,2807,318,92,,,92,92,92,,,92,,,,1,,1,,,,1746,1685,ILS CAT III,D8-2523,
736,2015-10-07,ZHGH,PALJ,576,187,2813,392,1051,,,1051,345,1051,1051,,,,,,1,1,,1,,,908,2841,VOR/DME,LX-2493,
737,2015-10-07,KLBL,DTTA,1115,793,2814,414,1118,,,1118,399,1118,1118,,,,,,1,1,,1,,,2524,1683,ILS CAT III,FR-2263,
739,2015-09-27,SKTM,OITL,394,293,2817,448,1339,,,1339,619,1339,1339,,,,,,,,,,,,1910,108,VISUAL,FR-2263,
740,2015-09-22,NFNG,KCRW,518,1212,2818,438,694,,,694,348,694,694,,,,,,1,1,,,1,,120,2818,ILS CAT III,AF-3266,
741,2015-09-22,MMLM,OIII,1425,1159,2829,373,1174,,,1174,456,1174,1174,,,,,,,,,,,,2476,1526,ILS CAT III,D8-2523,
742,2015-09-21,UUBW,ETUO,1206,1281,2833,310,75,,,75,75,75,,,75,,,,1,1,,,,1,1578,856,VOR/DME,FR-2263,
743,2015-09-18,LIBR,CYEL,69,75,2833,308,6,,,6,6,6,,,6,,,,,,,,,,512,1001,ILS CAT III,D8-2523,
744,2015-09-18,CYSM,FMSM,578,1323,2837,448,745,,,745,355,745,745,,,,,,1,,1,,,,1885,1786,VISUAL,D8-2523,
745,2015-09-16,YWOL,KMOB,181,1183,2837,374,1002,,,1002,348,1002,1002,,,,,,1,,1,,,,2163,1153,RNAV (RNP),FR-2263,
746,2015-09-16,CYWY,UUOK,1122,196,2841,103,514,,,514,354,514,,514,,,,,1,1,,1,,,360,2385,ILS CAT I,LH-3603,
747,2015-09-12,VTSP,SKIB,326,870,2842,299,544,,,544,356,544,,544,,,,,1,1,,1,,,1,275,RNAV (RNP),AF-3266,
748,2015-09-12,KAEX,VNRT,1346,368,2843,104,462,,,462,351,462,,462,,,,,,,,,,,2452,2168,ILS CAT III,AF-3266,
749,2015-09-08,ENOL,KIDL,868,1325,2855,349,457,,,457,361,457,,457,,,,,1,1,,,1,,1267,1187,LOC/DME,LX-2493,
750,2015-09-08,BGIA,SEMC,266,522,2865,437,256,,,256,256,256,,,256,,,,,,,,,,1943,2967,ILS CAT I,LX-2493,
751,2015-09-08,UNKO,UATG,901,853,2868,402,1392,,,1392,665,1392,1392,,,,,,1,1,,,,1,2258,2034,VOR/DME,D8-2523,
752,2015-09-08,NTKA,HUSO,812,1335,2870,335,523,,,523,358,523,,523,,,,,,,,,,,2415,1124,ILS CAT III,FR-2263,
753,2015-09-08,KGRK,VRMT,900,348,2873,322,888,,,888,358,888,888,,,,,,1,,1,,,,1314,2515,RNAV (RNP),FR-2263,
754,2015-09-03,VEBK,LBBG,358,553,2880,6,195,195,,,195,,195,,,,,,1,,1,,,,1931,921,VISUAL,AF-3266,Line Check
755,2015-09-02,18AZ,EDTK,792,159,2884,379,807,,,807,362,807,807,,,,,,1,1,,1,,,2749,2258,ILS CAT III,FR-2263,
756,2015-08-26,SBSL,SBGP,139,1079,2890,122,940,,,940,363,940,940,,,,,,1,1,,1,,,688,1568,RNAV (RNP),AF-3266,
757,2015-08-26,SMKA,LOXZ,118,782,2893,448,664,,,664,361,664,664,,,,,,,,,,,,402,2263,ILS CAT III,LX-2493,
758,2015-08-26,KCPR,RKPU,2,1015,2898,195,1013,,,1013,361,1013,1013,,,,,,1,1,,,1,,235,1138,ILS CAT I,DY-235,
759,2015-08-21,WMKN,KFRI,705,1234,2906,326,529,,,529,363,529,,529,,,,,,,,,,,2059,2477,VISUAL,DY-235,
760,2015-08-21,PAMY,FLLS,447,1194,2921,296,747,,,747,366,747,747,,,,,,1,1,,,,1,612,764,RNAV (RNP),AF-3266,
761,2015-08-20,VCBI,KUOX,380,888,2923,410,508,,,508,364,508,,508,,,,,,,,,,,1,340,LOC,DY-235,
762,2015-08-18,KCKV,ESMA,1300,1025,2926,443,1165,,,1165,443,1165,1165,,,,,,1,,1,,,,183,475,ILS CAT I,AF-3266,
763,2015-08-17,LSZK,VTUL,203,1115,2933,295,912,,,912,358,912,912,,,,,,1,,1,,,,1535,2662,VISUAL,D8-2523,
764,2015-08-15,UMMA,PAKY,513,646,2944,417,133,,,133,133,133,,,133,,,,1,1,,1,,,460,35,VOR/DME,FR-2263,
765,2015-08-15,WAWT,ETHS,969,316,2948,466,787,,,787,357,787,787,,,,,,1,1,,1,,,1752,2058,RNAV (RNP),FR-2263,
766,2015-08-11,RKPE,KMYV,1126,475,2961,446,789,,,789,362,789,789,,,,,,,,,,,,130,1127,RNAV (RNP AR),LH-3603,
767,2015-08-11,CYYW,UWKG,933,1294,2967,374,361,,,361,359,361,,,361,,,,1,1,,,1,,2833,1514,ILS CAT III,D8-2523,
768,2015-08-11,HTMW,EDAH,1240,1409,2971,443,169,,,169,169,169,,,169,,,,,,,,,,46,1895,RNAV (RNP),FR-2263,
769,2015-08-05,HTKJ,EDVS,1363,38,2979,322,115,,,115,115,115,,,115,,,,1,1,,,,1,1710,2829,ILS CAT III,D8-2523,
770,2015-07-23,MUMZ,SCGZ,746,1243,2982,268,497,,,497,370,497,,497,,,,,,,,,,,571,1647,VISUAL,DY-235,
771,2015-07-22,YDBI,LOAU,87,69,2988,486,1422,,,1422,692,1422,1422,,,,,,1,,1,,,,1127,1594,ILS CAT III,FR-2263,
772,2015-07-18,MMMA,KBBG,1039,375,2989,254,776,,,776,370,776,776,,,,,,1,,1,,,,1039,265,ILS CAT III,D8-2523,
773,2015-07-18,PAIM,ULNR,999,429,2989,367,870,,,870,368,870,870,,,,,,1,1,,1,,,1024,2426,ILS CAT III,DY-235,
774,2015-07-15,KRHV,TDPD,227,331,2993,289,104,,,104,104,104,,,104,,,,1,1,,1,,,1634,1026,RNAV (RNP AR),FR-2263,
775,2020-11-19,KCKC,YERL,950,154,28,34,644,,,644,525,644,,,644,,,,1,1,0,0,1,0,1,,ILS CAT I,,
